app,compose_path,compose_sha256,parse_status,main_service,main_service_exists,main_image,image_tag,metadata_version,version_matches_image_tag,updateAt,updateAt_format_ok,releaseNotes_present,releaseNotes_locales,website,repo,support,docs,blank_link_fields,nonempty_link_count,link_check_status,field_comparison,issues_found,action_record,audit_conclusion
2FAuth,Apps/2FAuth/docker-compose.yml,fdbb8d3e3b2b4e6091a4738e1672501efb75a4807c558bec504789fa282cc0dc,ok,2fauth,yes,2fauth/2fauth:5.4.3,5.4.3,5.4.3,yes,2024-11-27,yes,yes,en_US,https://2fauth.app,https://github.com/Bubka/2FAuth,https://github.com/Bubka/2FAuth/issues,https://docs.2fauth.app,,4,ok:4,"main,version,updateAt,releaseNotes,website,repo,support,docs,main_image_tag,nonempty_links",,,ok
ActualBudget,Apps/ActualBudget/docker-compose.yml,66263e91d2b0775a3efa441b24f680716cfa610eab7065556709fab9513d88b2,ok,actualbudget,yes,actualbudget/actual-server:26.5.2,26.5.2,26.5.2,yes,2026-05-08,yes,yes,en_US,https://actualbudget.org,https://github.com/actualbudget/actual,https://github.com/actualbudget/actual/issues,https://actualbudget.org/docs,,4,ok:4,"main,version,updateAt,releaseNotes,website,repo,support,docs,main_image_tag,nonempty_links",,fixed_current_run: image/version/updateAt/releaseNotes 25.7.1 -> 26.5.2,ok
AdGuardHome,Apps/AdGuardHome/docker-compose.yml,f79415108cfe53591dd3c5bc731845112f471a7671f93cbf2de5de53363392fe,ok,adguard-home,yes,adguard/adguardhome:v0.107.61,v0.107.61,v0.107.61,yes,2025-04-22,yes,yes,en_US,https://adguard.com/en/adguard-home/overview.html,https://github.com/AdguardTeam/AdGuardHome,https://github.com/AdguardTeam/AdGuardHome/issues,https://github.com/AdguardTeam/AdGuardHome/wiki,,4,ok:4,"main,version,updateAt,releaseNotes,website,repo,support,docs,main_image_tag,nonempty_links",,,ok
Adminer,Apps/Adminer/docker-compose.yml,66b5f686fcb98ecd7692c601b54b2741fab08b09935aa7938d1eaea9f3e37eb6,ok,adminer,yes,adminer:5.4.1,5.4.1,5.4.1,yes,2025-09-26,yes,yes,en_US,https://www.adminer.org,https://github.com/vrana/adminer,https://github.com/vrana/adminer/issues,https://www.adminer.org/en/,,4,ok:4,"main,version,updateAt,releaseNotes,website,repo,support,docs,main_image_tag,nonempty_links",,,ok
AlbyHub,Apps/AlbyHub/docker-compose.yml,c7f4d0e431db9a7a81820c1c73ff20a4d81111e763408351990b0d0ff251074f,ok,albyhub,yes,ghcr.io/getalby/hub:v1.20.0,v1.20.0,v1.20.0,yes,2025-09-25,yes,yes,en_US,https://albyhub.com/,https://github.com/getAlby/hub,https://support.getalby.com/,https://guides.getalby.com/user-guide/alby-hub,,4,ok:4,"main,version,updateAt,releaseNotes,website,repo,support,docs,main_image_tag,nonempty_links",,,ok
Alist,Apps/Alist/docker-compose.yml,333d6ad8146d3318c69a20a345ba0eda6d1b8f579237050b19c784d10df1de8e,ok,alist,yes,xhofe/alist:v3.40.0,v3.40.0,v3.40.0,yes,2024-11-22,yes,yes,en_US,https://alistgo.com/,https://github.com/AlistGo/alist,https://github.com/AlistGo/alist/issues,https://alistgo.com/guide/,,4,ok:4,"main,version,updateAt,releaseNotes,website,repo,support,docs,main_image_tag,nonempty_links",,,ok
Alist-Sync,Apps/Alist-Sync/docker-compose.yml,3ef813236bac374f40d9be7e3a5421fdf4c069a8953269889ab77332872d5e31,ok,alist-sync,yes,xjxjin/alist-sync:1.1.5,1.1.5,1.1.5,yes,2025-03-15,yes,yes,en_US,,https://github.com/xjxjin/alist-sync,https://github.com/xjxjin/alist-sync/issues,https://github.com/xjxjin/alist-sync#readme,website,3,ok:3,"main,version,updateAt,releaseNotes,website,repo,support,docs,main_image_tag,nonempty_links",,blank fields kept as empty strings because official source is uncertain,ok_with_intentional_blank_fields
Anaconda3,Apps/Anaconda3/docker-compose.yml,cb6be6df430357d7df9c06935d3cf6ba237cc2fd306862b2ef95078a5bf86b02,ok,anaconda3,yes,continuumio/anaconda3:2024.10-1,2024.10-1,2024.10-1,yes,2024-10-31,yes,yes,en_US,https://www.anaconda.com,https://github.com/anaconda/docker-images,https://github.com/anaconda/docker-images/issues,https://docs.anaconda.com/anaconda/,,4,ok:4,"main,version,updateAt,releaseNotes,website,repo,support,docs,main_image_tag,nonempty_links",,,ok
AnythingLLM,Apps/AnythingLLM/docker-compose.yml,f474951cb521d5aafe77eac5489eec02772cf12cee5f8aa5f7fbe0f615460e77,ok,anythingllm,yes,mintplexlabs/anythingllm,,latest,n/a,2024-08-19,yes,yes,en_US,https://anythingllm.com,https://github.com/Mintplex-Labs/anything-llm,https://github.com/Mintplex-Labs/anything-llm/issues,https://docs.anythingllm.com,,4,ok:4,"main,version,updateAt,releaseNotes,website,repo,support,docs,main_image_tag,nonempty_links",,,ok
ArchiveBox,Apps/ArchiveBox/docker-compose.yml,c1a31dcfa31c118388e79f7a772d18dbfebc3b1db528f8d5de04be15c3dce9f9,ok,archivebox,yes,archivebox/archivebox:0.7.3,0.7.3,0.7.3,yes,2024-12-15,yes,yes,en_US,https://archivebox.io,https://github.com/ArchiveBox/ArchiveBox,https://github.com/ArchiveBox/ArchiveBox/issues,https://github.com/ArchiveBox/ArchiveBox/wiki,,4,ok:4,"main,version,updateAt,releaseNotes,website,repo,support,docs,main_image_tag,nonempty_links",,,ok
Audiobookshelf,Apps/Audiobookshelf/docker-compose.yml,d03dce3c52d651acb085d48b96c283f132838ee0d7b8797d018ce035d4a6c197,ok,audiobookshelf,yes,ghcr.io/advplyr/audiobookshelf:2.30.0,2.30.0,2.30.0,yes,2025-10-08,yes,yes,en_US,https://audiobookshelf.org,https://github.com/advplyr/audiobookshelf,https://github.com/advplyr/audiobookshelf/issues,https://www.audiobookshelf.org/docs,,4,ok:4,"main,version,updateAt,releaseNotes,website,repo,support,docs,main_image_tag,nonempty_links",,,ok
Autobrr,Apps/Autobrr/docker-compose.yml,4ec294e64f8f677bf3c710a041965d6788e980c97b32359f66a95b8ab363eb51,ok,autobrr,yes,ghcr.io/autobrr/autobrr:v1.69.0,v1.69.0,v1.69.0,yes,2025-11-10,yes,yes,en_US,https://autobrr.com,https://github.com/autobrr/autobrr,https://github.com/autobrr/autobrr/issues,https://autobrr.com,,4,ok:4,"main,version,updateAt,releaseNotes,website,repo,support,docs,main_image_tag,nonempty_links",,,ok
Bazarr,Apps/Bazarr/docker-compose.yml,7c0db013fd3f5da99b7e3540504cf45935ed98095b7143cd463a78bf92d6c43a,ok,bazarr,yes,linuxserver/bazarr:1.5.6,1.5.6,1.5.6,yes,2026-02-26,yes,yes,en_US,https://www.bazarr.media,https://github.com/morpheus65535/bazarr,https://github.com/morpheus65535/bazarr/issues,https://wiki.bazarr.media,,4,ok:4,"main,version,updateAt,releaseNotes,website,repo,support,docs,main_image_tag,nonempty_links",,fixed_current_run: version/updateAt/releaseNotes aligned to image tag 1.5.6,ok
BeaverHabitTracker,Apps/BeaverHabitTracker/docker-compose.yml,8ace1c555667b2b11d4dc41bbee529bca5cfc9146a87f55335631d6461afd8a8,ok,beaverhabittracker,yes,daya0576/beaverhabits:0.7.3,0.7.3,0.7.3,yes,2025-10-12,yes,yes,en_US,https://beaverhabits.com/,https://github.com/daya0576/beaverhabits,https://github.com/daya0576/beaverhabits/issues,https://github.com/daya0576/beaverhabits#readme,,4,ok:4,"main,version,updateAt,releaseNotes,website,repo,support,docs,main_image_tag,nonempty_links",,,ok
Blinko,Apps/Blinko/docker-compose.yml,26f838baba071d7c9eeb0ee359762eae209918ff33445f1d0ec70f74b8c6963b,ok,blinko,yes,blinkospace/blinko:1.8.7,1.8.7,1.8.7,yes,2026-04-12,yes,yes,en_US,https://blinko.space/,https://github.com/blinkospace/blinko,,https://docs.blinko.space/,support,3,ok:3,"main,version,updateAt,releaseNotes,website,repo,support,docs,main_image_tag,nonempty_links",,fixed_current_run: support null normalized to empty string,ok_with_intentional_blank_fields
Calibre-web,Apps/Calibre-web/docker-compose.yml,5e4b354ac0bdc36a372aacc7eed8902869b70d0101d85383ec0a4163fa26bdef,ok,calibre-web,yes,linuxserver/calibre-web:0.6.24,0.6.24,0.6.24,yes,2024-11-16,yes,yes,en_US,,https://github.com/janeczku/calibre-web,https://github.com/janeczku/calibre-web/issues,https://github.com/janeczku/calibre-web/wiki,website,3,ok:3,"main,version,updateAt,releaseNotes,website,repo,support,docs,main_image_tag,nonempty_links",,blank fields kept as empty strings because official source is uncertain,ok_with_intentional_blank_fields
ChatbotUI,Apps/ChatbotUI/docker-compose.yml,2f16a36ea44cc8652ad9bbe20227e6442170cf47dd8d23ce375fcc671953ced2,ok,chatbot-ui,yes,ghcr.io/mckaywrigley/chatbot-ui:main,main,main,yes,2023-07-26,yes,yes,en_US,https://www.chatbotui.com,https://github.com/mckaywrigley/chatbot-ui,https://github.com/mckaywrigley/chatbot-ui/issues,https://github.com/mckaywrigley/chatbot-ui#readme,,4,ok:4,"main,version,updateAt,releaseNotes,website,repo,support,docs,main_image_tag,nonempty_links",,,ok
ChatGPT-Next-Web,Apps/ChatGPT-Next-Web/docker-compose.yml,1926442a8345121864ce0e072e12031fba523c66ac2efc5579bfcd4ed2e596d1,ok,chatgpt-next-web,yes,yidadaa/chatgpt-next-web:v2.16.1,v2.16.1,v2.16.1,yes,2025-07-29,yes,yes,en_US,https://nextchat.club,https://github.com/ChatGPTNextWeb/NextChat,https://github.com/ChatGPTNextWeb/NextChat/issues,https://docs.nextchat.dev/introduction,,4,ok:4,"main,version,updateAt,releaseNotes,website,repo,support,docs,main_image_tag,nonempty_links",,,ok
CloudBeaver,Apps/CloudBeaver/docker-compose.yml,728693d0e3a1a06fd393c7ac033b15e82db1983c1efb9d1fabd10d192dd6dcbe,ok,cloudbeaver,yes,dbeaver/cloudbeaver:25.2.5,25.2.5,25.2.5,yes,2025-11-12,yes,yes,en_US,https://dbeaver.com/download/cloudbeaver/,https://github.com/dbeaver/cloudbeaver,https://github.com/dbeaver/cloudbeaver/issues,https://dbeaver.com/docs/cloudbeaver/,,4,ok:4,"main,version,updateAt,releaseNotes,website,repo,support,docs,main_image_tag,nonempty_links",,,ok
Cloudflared,Apps/Cloudflared/docker-compose.yml,f21f5851198856c71fb07b9b4c0ba23c2423bd2fa0381a57ecc8ea4982ee5aca,ok,cloudflared,yes,wisdomsky/cloudflared-web:2025.2.1,2025.2.1,2025.2.1,yes,2025-05-30,yes,yes,en_US,https://developers.cloudflare.com/cloudflare-one/connections/connect-networks/get-started/create-remote-tunnel/,https://github.com/WisdomSky/Cloudflared-web,https://github.com/WisdomSky/Cloudflared-web/issues,https://github.com/WisdomSky/Cloudflared-web#readme,,4,ok:4,"main,version,updateAt,releaseNotes,website,repo,support,docs,main_image_tag,nonempty_links",,,ok
ConvertX,Apps/ConvertX/docker-compose.yml,12a0a4c75ee771aeb17636be561f75ca9317c81a6403aef1bf758e3c6e14f9b7,ok,convertx,yes,c4illin/convertx:v0.14.1,v0.14.1,v0.14.1,yes,2025-06-04,yes,yes,en_US,,https://github.com/c4illin/convertx,https://github.com/c4illin/convertx/issues,https://github.com/c4illin/convertx#readme,website,3,ok:3,"main,version,updateAt,releaseNotes,website,repo,support,docs,main_image_tag,nonempty_links",,blank fields kept as empty strings because official source is uncertain,ok_with_intentional_blank_fields
CopyParty,Apps/CopyParty/docker-compose.yml,15be6148e558847c8a92fe1cd4ecf5ee07dcf2a17cbdb1690f8c1b071c19aa95,ok,copyparty,yes,icewhaletech/copyparty:1.20.13,1.20.13,1.20.13,yes,2026-03-23,yes,yes,en_US,https://copyparty.eu/,https://github.com/9001/copyparty,https://github.com/9001/copyparty/issues,https://github.com/9001/copyparty/tree/hovudstraum/docs,,4,ok:4,"main,version,updateAt,releaseNotes,website,repo,support,docs,main_image_tag,nonempty_links",,,ok
Crafty,Apps/Crafty/docker-compose.yml,51e8111fa25bc2fb8d649319cd8447cb6e72ac407beca643ac1c4fa7a638322e,ok,crafty,yes,registry.gitlab.com/crafty-controller/crafty-4:4.4.11,4.4.11,4.4.11,yes,2025-06-27,yes,yes,en_US,https://craftycontrol.com,https://gitlab.com/crafty-controller/crafty-4,,https://docs.craftycontrol.com,support,3,ok:3,"main,version,updateAt,releaseNotes,website,repo,support,docs,main_image_tag,nonempty_links",,blank fields kept as empty strings because official source is uncertain,ok_with_intentional_blank_fields
Databag,Apps/Databag/docker-compose.yml,a6b8eac56f1d9b2bbfef7f322ec040478ebb658fdf243454f7a6ef4e2e0a32b7,ok,databag,yes,balzack/databag:0.1.18,0.1.18,0.1.18,yes,2025-11-28,yes,yes,en_US,,https://github.com/balzack/databag,https://github.com/balzack/databag/discussions,https://github.com/balzack/databag/tree/main/doc,website,3,ok:3,"main,version,updateAt,releaseNotes,website,repo,support,docs,main_image_tag,nonempty_links",,blank fields kept as empty strings because official source is uncertain,ok_with_intentional_blank_fields
Ddns-go,Apps/Ddns-go/docker-compose.yml,edf2372bb941cea1165c3b32ce95774a290a3b1cc3b227288a461ca933299eb2,ok,ddns-go,yes,jeessy/ddns-go:v6.17.0,v6.17.0,v6.17.0,yes,2026-05-01,yes,yes,en_US,,https://github.com/jeessy2/ddns-go,https://github.com/jeessy2/ddns-go/issues,https://github.com/jeessy2/ddns-go#readme,website,3,ok:3,"main,version,updateAt,releaseNotes,website,repo,support,docs,main_image_tag,nonempty_links",,blank fields kept as empty strings because official source is uncertain,ok_with_intentional_blank_fields
DDNS-Updater,Apps/DDNS-Updater/docker-compose.yml,afdb7ee6cccbb38f05e7d3f7cbd7f5260adca09d44a4fd1c8136675254d420bd,ok,ddns-updater,yes,qmcgaw/ddns-updater:v2.9.0,v2.9.0,v2.9.0,yes,2024-12-24,yes,yes,en_US,,https://github.com/qdm12/ddns-updater,https://github.com/qdm12/ddns-updater/issues,https://github.com/qdm12/ddns-updater/tree/master/docs,website,3,ok:3,"main,version,updateAt,releaseNotes,website,repo,support,docs,main_image_tag,nonempty_links",,blank fields kept as empty strings because official source is uncertain,ok_with_intentional_blank_fields
DeepSeek-OCR_Nvidia,Apps/DeepSeek-OCR_Nvidia/docker-compose.yml,1cfa4685d8f431c6c65a9d943a3f1bd62244a845178fedb5c6d3af8f72a90d25,ok,deepseek-ocr-frontend,yes,icewhaletech/deepseek-ocr-frontend:v2.2.0,v2.2.0,v2.2.0,yes,2026-03-27,yes,yes,en_US,,https://github.com/rdumasia303/deepseek_ocr_app,https://github.com/rdumasia303/deepseek_ocr_app/issues,https://github.com/rdumasia303/deepseek_ocr_app#readme,website,3,ok:3,"main,version,updateAt,releaseNotes,website,repo,support,docs,main_image_tag,nonempty_links",,blank fields kept as empty strings because official source is uncertain,ok_with_intentional_blank_fields
Deluge,Apps/Deluge/docker-compose.yml,ba2989c09c9bda24ce976621531149dcb6e682864165952d8e5f192fa30f828a,ok,deluge,yes,linuxserver/deluge:2.2.0,2.2.0,2.2.0,yes,2025-04-28,yes,yes,en_US,https://deluge-torrent.org,https://github.com/deluge-torrent/deluge,https://forum.deluge-torrent.org,https://dev.deluge-torrent.org/wiki/UserGuide,,4,ok:4,"main,version,updateAt,releaseNotes,website,repo,support,docs,main_image_tag,nonempty_links",,,ok
Dify,Apps/Dify/docker-compose.yml,61244b124231839e653563b69beb7137f189d9abae353ad15081e1469c6dcbe0,ok,web,yes,langgenius/dify-web:0.12.1,0.12.1,0.12.1,yes,2024-11-26,yes,yes,en_US,https://dify.ai,https://github.com/langgenius/dify,https://github.com/langgenius/dify/discussions,https://docs.dify.ai/en/use-dify/getting-started/introduction,,4,ok:4,"main,version,updateAt,releaseNotes,website,repo,support,docs,main_image_tag,nonempty_links",,,ok
Docmost,Apps/Docmost/docker-compose.yml,d087c1609abbd04c52b4376c1bddabe35dbc5a1cf16df3909eb225f5ae31e17d,ok,docmost,yes,docmost/docmost:0.21.0,0.21.0,0.21.0,yes,2025-06-18,yes,yes,en_US,https://docmost.com/,https://github.com/docmost/docmost,https://github.com/docmost/docmost/issues,https://docmost.com/docs,,4,ok:4,"main,version,updateAt,releaseNotes,website,repo,support,docs,main_image_tag,nonempty_links",,,ok
Downtify,Apps/Downtify/docker-compose.yml,0a616fc37f1159383c9c6673d0fa5ab2665fdf894b791ad365a4e40cb014de5b,ok,downtify,yes,ghcr.io/henriquesebastiao/downtify:2.6.0,2.6.0,2.6.0,yes,2026-05-03,yes,yes,en_US,https://downtify.henriquesebastiao.com,https://github.com/henriquesebastiao/downtify,https://github.com/henriquesebastiao/downtify/issues,https://github.com/henriquesebastiao/downtify#readme,,4,ok:4,"main,version,updateAt,releaseNotes,website,repo,support,docs,main_image_tag,nonempty_links",,,ok
DuckDNS,Apps/DuckDNS/docker-compose.yml,45b688eb5ea4de4ef029b55f26f21b371e217c65c1f82f9d9aa81b09313667b9,ok,duckdns,yes,lscr.io/linuxserver/duckdns:latest,latest,latest,yes,2025-03-13,yes,yes,en_US,https://www.duckdns.org,https://github.com/linuxserver/docker-duckdns,https://github.com/linuxserver/docker-duckdns/issues,https://docs.linuxserver.io/images/docker-duckdns/,,4,ok:4,"main,version,updateAt,releaseNotes,website,repo,support,docs,main_image_tag,nonempty_links",,,ok
Duplicati,Apps/Duplicati/docker-compose.yml,327dc646b12fecf3a98d9e240b578c10f0f2a9f2321ffdcb5921f99aee4e2190,ok,duplicati,yes,linuxserver/duplicati:2.1.0,2.1.0,2.1.0,yes,2025-03-06,yes,yes,en_US,https://duplicati.com/,https://github.com/duplicati/duplicati,https://forum.duplicati.com,https://docs.duplicati.com,,4,ok:4,"main,version,updateAt,releaseNotes,website,repo,support,docs,main_image_tag,nonempty_links",,,ok
Emby,Apps/Emby/docker-compose.yml,06611d80fe853e8ab10ecac14dbcf451051d718401b9d456a59e092d6e624228,ok,emby,yes,linuxserver/emby:4.9.3,4.9.3,4.9.3,yes,2026-01-08,yes,yes,en_US,https://emby.media/,https://github.com/linuxserver/docker-emby,https://emby.media/community/,https://support.emby.media/support/,,4,ok:4,"main,version,updateAt,releaseNotes,website,repo,support,docs,main_image_tag,nonempty_links",,fixed_current_run: image/version/updateAt/releaseNotes/repo and appfile synchronized to 4.9.3,ok
Emby_Nvidia,Apps/Emby_Nvidia/docker-compose.yml,953ea37b8cfd5fe5bcd65871b17025f0ac93ab4dde000fcb9fd16dc745b51cfa,ok,emby,yes,linuxserver/emby:4.9.3,4.9.3,4.9.3,yes,2026-01-08,yes,yes,en_US,https://emby.media/,https://github.com/linuxserver/docker-emby,https://emby.media/community/,https://support.emby.media/support/,,4,ok:4,"main,version,updateAt,releaseNotes,website,repo,support,docs,main_image_tag,nonempty_links",,fixed_current_run: image/version/updateAt/releaseNotes/repo synchronized to 4.9.3,ok
Embystat,Apps/Embystat/docker-compose.yml,7f95ae5aa734c2750e42ccf8c5d67797690ee1415ead46661a34349066e24b8f,ok,embystat,yes,linuxserver/embystat:0.2.0,0.2.0,0.2.0,yes,2023-11-27,yes,yes,en_US,,https://github.com/mregni/EmbyStat,https://github.com/mregni/EmbyStat/issues,https://github.com/mregni/EmbyStat/wiki,website,3,ok:3,"main,version,updateAt,releaseNotes,website,repo,support,docs,main_image_tag,nonempty_links",,blank fields kept as empty strings because official source is uncertain,ok_with_intentional_blank_fields
EmulatorJS,Apps/EmulatorJS/docker-compose.yml,950bd7f714b5f268cd0497dc1d522ffd35b811c3f2b3ea503f35b12cbc22aba4,ok,emulatorjs,yes,linuxserver/emulatorjs:1.9.2,1.9.2,1.9.2,yes,2024-09-12,yes,yes,en_US,https://emulatorjs.org/,https://github.com/linuxserver/emulatorjs,https://github.com/linuxserver/emulatorjs/issues,https://docs.linuxserver.io/deprecated_images/docker-emulatorjs/,,4,ok:4,"main,version,updateAt,releaseNotes,website,repo,support,docs,main_image_tag,nonempty_links",,,ok
ESPHome,Apps/ESPHome/docker-compose.yml,b034595486a343ef5013e6d8a287e9e856a45e1603a81396bf3f29175e10d27b,ok,esphome,yes,ghcr.io/esphome/esphome:2025.11.0,2025.11.0,2025.11.0,yes,2025-11-19,yes,yes,en_US,https://esphome.io,https://github.com/esphome/esphome,https://github.com/esphome/issues/issues,https://esphome.io,,4,ok:4,"main,version,updateAt,releaseNotes,website,repo,support,docs,main_image_tag,nonempty_links",,,ok
Excalidraw,Apps/Excalidraw/docker-compose.yml,f5bd52a8b2bef2c2cf5fc9c631deaea732010b7cfc34ad22c85595b49944c8b1,ok,excalidraw,yes,excalidraw/excalidraw:latest,latest,latest,yes,2025-08-06,yes,yes,en_US,https://excalidraw.com/,https://github.com/excalidraw/excalidraw,https://github.com/excalidraw/excalidraw/issues,https://docs.excalidraw.com,,4,ok:4,"main,version,updateAt,releaseNotes,website,repo,support,docs,main_image_tag,nonempty_links",,,ok
Filedrop,Apps/Filedrop/docker-compose.yml,26104c62e602e54cf1b905f42681f2ad142411d466846369e3859eeef7d2d04f,ok,filedrop,yes,noecl/filedrop:1.0.1,1.0.1,1.0.1,yes,2024-01-25,yes,yes,en_US,,,,,"website,repo,support,docs",0,no_nonempty_links,"main,version,updateAt,releaseNotes,website,repo,support,docs,main_image_tag,nonempty_links",,blank fields kept as empty strings because official source is uncertain,ok_with_intentional_blank_fields
FileFlows,Apps/FileFlows/docker-compose.yml,3d3c92ffeef8a333d70175c3d1a003db66b27dddd30a8f1f7c0634b1e9541d04,ok,fileflows,yes,revenz/fileflows:stable,stable,stable,yes,2024-12-18,yes,yes,en_US,https://fileflows.com/,,https://fileflows.com/docs,https://fileflows.com/docs,repo,3,ok:3,"main,version,updateAt,releaseNotes,website,repo,support,docs,main_image_tag,nonempty_links",,blank fields kept as empty strings because official source is uncertain,ok_with_intentional_blank_fields
Firefly,Apps/Firefly/docker-compose.yml,d6391c5206c285b2441830292a70ba0983ed7fab6aa97e7ab087ed4d9a7aea7d,ok,firefly,yes,uusec/firefly:latest,latest,latest,yes,2024-06-11,yes,yes,en_US,https://qq.uusec.com/,https://github.com/Safe3/firefly,https://github.com/Safe3/firefly/issues,https://github.com/Safe3/firefly#readme,,4,ok:4,"main,version,updateAt,releaseNotes,website,repo,support,docs,main_image_tag,nonempty_links",,,ok
FlareSolverr,Apps/FlareSolverr/docker-compose.yml,2a96d6ff0c5c0115a4f46212a3a041fd9a89f6b0cdeee0436821281c6d309e2f,ok,flaresolverr,yes,ghcr.io/flaresolverr/flaresolverr:v3.4.5,v3.4.5,v3.4.5,yes,2025-11-11,yes,yes,en_US,,https://github.com/FlareSolverr/FlareSolverr,https://github.com/FlareSolverr/FlareSolverr/issues,https://github.com/FlareSolverr/FlareSolverr#readme,website,3,ok:3,"main,version,updateAt,releaseNotes,website,repo,support,docs,main_image_tag,nonempty_links",,blank fields kept as empty strings because official source is uncertain,ok_with_intentional_blank_fields
FlowiseAi,Apps/FlowiseAi/docker-compose.yml,f50ffa075ab94c87bfd0ef8be335a0ee5aca7817f56d1e1ecfaabc878fe5ba50,ok,flowise,yes,flowiseai/flowise:3.0.11,3.0.11,3.0.11,yes,2025-11-16,yes,yes,en_US,https://flowiseai.com/,https://github.com/flowiseai/flowise,https://github.com/FlowiseAI/Flowise/issues,https://docs.flowiseai.com/,,4,ok:4,"main,version,updateAt,releaseNotes,website,repo,support,docs,main_image_tag,nonempty_links",,,ok
FreshRSS,Apps/FreshRSS/docker-compose.yml,c2e30654a4919e73c8bd5bb2118927eb8a2dbc00a479feeb832e61a1b00db193,ok,freshrss,yes,freshrss/freshrss:1.27.1,1.27.1,1.27.1,yes,2025-09-27,yes,yes,en_US,https://freshrss.org/,https://github.com/FreshRSS/FreshRSS,https://github.com/FreshRSS/FreshRSS/issues,https://freshrss.github.io/FreshRSS/en/,,4,ok:4,"main,version,updateAt,releaseNotes,website,repo,support,docs,main_image_tag,nonempty_links",,,ok
Gateway-go,Apps/Gateway-go/docker-compose.yml,ab30d737d72c125e89b221c5572d3484eb1607f963ed84ceddc788690502ffc0,ok,gateway-go,yes,openiothub/gateway-go:v2.0.11,v2.0.11,v2.0.11,yes,2025-07-30,yes,yes,en_US,,https://github.com/OpenIoTHub/gateway-go,https://github.com/OpenIoTHub/gateway-go/issues,https://docs.iothub.cloud/typical/index.html#casaoszimaos,website,3,ok:3,"main,version,updateAt,releaseNotes,website,repo,support,docs,main_image_tag,nonempty_links",,blank fields kept as empty strings because official source is uncertain,ok_with_intentional_blank_fields
Gitea,Apps/Gitea/docker-compose.yml,6602a3f5f1d74c729d6759034a27fdcea0c20787e4a053b320907cb17a3dbe0a,ok,gitea,yes,gitea/gitea:1.25,1.25,1.25,yes,2025-10-29,yes,yes,en_US,https://about.gitea.com/,https://github.com/go-gitea/gitea,https://github.com/go-gitea/gitea/issues,https://docs.gitea.com/,,4,ok:4,"main,version,updateAt,releaseNotes,website,repo,support,docs,main_image_tag,nonempty_links",,,ok
Glances,Apps/Glances/docker-compose.yml,6b8db29a09929db3a488e8657c1b66a06109253c3e9d6e90c0d6f981a0fc61a1,ok,glances,yes,nicolargo/glances:4.4.1,4.4.1,4.4.1,yes,2025-11-05,yes,yes,en_US,https://nicolargo.github.io/glances/,https://github.com/nicolargo/glances,https://github.com/nicolargo/glances/issues,https://glances.readthedocs.io/,,4,ok:4,"main,version,updateAt,releaseNotes,website,repo,support,docs,main_image_tag,nonempty_links",,,ok
Gopeed,Apps/Gopeed/docker-compose.yml,b90eb49d8c5f02aac98477bea40074408542fd99f56df1ae11b23de3f63c6e4a,ok,gopeed,yes,liwei2633/gopeed:v1.8.3,v1.8.3,v1.8.3,yes,2025-11-30,yes,yes,en_US,https://gopeed.com,https://github.com/gopeedlab/gopeed,https://github.com/GopeedLab/gopeed/issues,https://gopeed.com/docs,,4,ok:4,"main,version,updateAt,releaseNotes,website,repo,support,docs,main_image_tag,nonempty_links",,,ok
Grafana,Apps/Grafana/docker-compose.yml,da419656debe8e154e452ab8bb86acd7fefb838f86bb712785f0d245f83fe2c4,ok,grafana,yes,grafana/grafana:12.1.4,12.1.4,12.1.4,yes,2025-11-19,yes,yes,en_US,https://grafana.com/,https://github.com/grafana/grafana,https://github.com/grafana/grafana/issues,https://grafana.com/docs/grafana/latest/,,4,ok:4,"main,version,updateAt,releaseNotes,website,repo,support,docs,main_image_tag,nonempty_links",,,ok
Handbrake,Apps/Handbrake/docker-compose.yml,d954cd64a114855c5e50cdb52e12c37016dc2cb519d567b558ca4faa9c9f4256,ok,handbrake,yes,jlesage/handbrake:v25.10.1,v25.10.1,v25.10.1,yes,2025-10-14,yes,yes,en_US,https://handbrake.fr,https://github.com/jlesage/docker-handbrake,https://github.com/jlesage/docker-handbrake/issues,https://github.com/jlesage/docker-handbrake#readme,,4,ok:4,"main,version,updateAt,releaseNotes,website,repo,support,docs,main_image_tag,nonempty_links",,,ok
HermesAgent,Apps/HermesAgent/docker-compose.yml,2cd2a4ca902e5e0f0f444b4d45c5653f54bd3c32411af7f43656ef8981ac5a08,ok,hermes-dashboard,yes,nousresearch/hermes-agent:latest,latest,latest,yes,2026-04-30,yes,yes,en_US,https://hermes-agent.nousresearch.com/,https://github.com/NousResearch/hermes-agent,https://github.com/NousResearch/hermes-agent/issues,https://hermes-agent.nousresearch.com/docs/,,4,ok:4,"main,version,updateAt,releaseNotes,website,repo,support,docs,main_image_tag,nonempty_links",,,ok
HoloPlay,Apps/HoloPlay/docker-compose.yml,dc72295137db32359eb43ee3dfeda5f990a7fb067946d1fc81045729253626cd,ok,holoplay,yes,spout8301/holoplay:1.12.3,1.12.3,1.12.3,yes,2025-03-18,yes,yes,en_US,,https://github.com/stephane-r/HoloPlay,https://github.com/stephane-r/HoloPlay/issues,https://github.com/stephane-r/HoloPlay#readme,website,3,ok:3,"main,version,updateAt,releaseNotes,website,repo,support,docs,main_image_tag,nonempty_links",,blank fields kept as empty strings because official source is uncertain,ok_with_intentional_blank_fields
HomeAssistant,Apps/HomeAssistant/docker-compose.yml,8a9ab14a052d4cbb9de06d68e1b4f5c0a8df80d75c2ea4d3db1ed01b1254280e,ok,homeassistant,yes,homeassistant/home-assistant:2025.11,2025.11,2025.11,yes,2025-11-05,yes,yes,en_US,https://www.home-assistant.io,https://github.com/home-assistant/core,https://community.home-assistant.io,https://www.home-assistant.io/docs,,4,ok:4,"main,version,updateAt,releaseNotes,website,repo,support,docs,main_image_tag,nonempty_links",,,ok
Homebridge,Apps/Homebridge/docker-compose.yml,35a12b178ee53783dd5e380dd98bec27d51b4714631846546c62f30e7ffef64f,ok,homebridge,yes,homebridge/homebridge:latest,latest,latest,yes,2026-03-29,yes,yes,en_US,https://homebridge.io/,https://github.com/homebridge/homebridge,https://github.com/homebridge/homebridge/issues,https://github.com/homebridge/homebridge/wiki,,4,ok:4,"main,version,updateAt,releaseNotes,website,repo,support,docs,main_image_tag,nonempty_links",,,ok
Hugo,Apps/Hugo/docker-compose.yml,1304e9a32a6013a288c239e734c74c7b21787b3325941018278a046628137941,ok,hugo,yes,ghcr.io/gohugoio/hugo:v0.152.2,v0.152.2,v0.152.2,yes,2025-10-24,yes,yes,en_US,https://gohugo.io/,https://github.com/gohugoio/hugo,https://github.com/gohugoio/hugo/issues,https://gohugo.io/documentation/,,4,ok:4,"main,version,updateAt,releaseNotes,website,repo,support,docs,main_image_tag,nonempty_links",,,ok
Immich,Apps/Immich/docker-compose.yml,c9b173d96ddcddd65e95076ab80349f6d691e4702ba4fcc620ce893e1891ed07,ok,immich-server,yes,ghcr.io/immich-app/immich-server:v2.7.2,v2.7.2,v2.7.2,yes,2026-04-07,yes,yes,en_US,https://immich.app/,https://github.com/immich-app/immich,https://github.com/immich-app/immich/issues,https://immich.app/docs,,4,ok:4,"main,version,updateAt,releaseNotes,website,repo,support,docs,main_image_tag,nonempty_links",,,ok
Index-TTS,Apps/Index-TTS/docker-compose.yml,4214b155780ddf815c29836ebb95d676e99d8f3f2cf27698932c87f6d29bc96d,ok,index-tts,yes,icewhaletech/index-tts:2.0,2.0,2.0,yes,2026-01-08,yes,yes,en_US,,https://github.com/index-tts/index-tts,https://github.com/index-tts/index-tts/issues,https://github.com/index-tts/index-tts#readme,website,3,ok:3,"main,version,updateAt,releaseNotes,website,repo,support,docs,main_image_tag,nonempty_links",,blank fields kept as empty strings because official source is uncertain,ok_with_intentional_blank_fields
Index-TTS_Nvidia,Apps/Index-TTS_Nvidia/docker-compose.yml,096aaedaa009ecdd74bb2d6a6dc41acce0602034cd317d875eff596a42e33d56,ok,index-tts-nvidia,yes,icewhaletech/index-tts:2.0,2.0,2.0,yes,2026-01-08,yes,yes,en_US,,https://github.com/index-tts/index-tts,https://github.com/index-tts/index-tts/issues,https://github.com/index-tts/index-tts#readme,website,3,ok:3,"main,version,updateAt,releaseNotes,website,repo,support,docs,main_image_tag,nonempty_links",,blank fields kept as empty strings because official source is uncertain,ok_with_intentional_blank_fields
Jackett,Apps/Jackett/docker-compose.yml,97071d80c7f14f67ff131128d898f1b90d2455054c08d8bd5a6fc3e50cb09f7b,ok,jackett,yes,linuxserver/jackett:0.24.1841,0.24.1841,0.24.1841,yes,2026-05-11,yes,yes,en_US,,https://github.com/Jackett/Jackett,https://github.com/Jackett/Jackett/issues,https://github.com/Jackett/Jackett#readme,website,3,ok:3,"main,version,updateAt,releaseNotes,website,repo,support,docs,main_image_tag,nonempty_links",,fixed_current_run: version/updateAt/releaseNotes aligned to image tag 0.24.1841,ok_with_intentional_blank_fields
JDownloader2,Apps/JDownloader2/docker-compose.yml,7cc5e4f67f05093259bf0c9d6e2a2322a639e4c4ec78eab131cf941a0c76fe7f,ok,jdownloader2,yes,jlesage/jdownloader-2:latest,latest,latest,yes,2024-01-25,yes,yes,en_US,,,https://support.jdownloader.org/,https://support.jdownloader.org/,"website,repo",2,ok:2,"main,version,updateAt,releaseNotes,website,repo,support,docs,main_image_tag,nonempty_links",,blank fields kept as empty strings because official source is uncertain,ok_with_intentional_blank_fields
Jellyfin,Apps/Jellyfin/docker-compose.yml,39db1569cc8889f10ba83b4950dceb9f121588843e35afc5885a4ea2a10be2bc,ok,jellyfin,yes,linuxserver/jellyfin:10.10.7,10.10.7,10.10.7,yes,2025-04-05,yes,yes,en_US,https://jellyfin.org/,https://github.com/jellyfin/jellyfin,https://github.com/jellyfin/jellyfin/issues,https://jellyfin.org/docs/,,4,ok:4,"main,version,updateAt,releaseNotes,website,repo,support,docs,main_image_tag,nonempty_links",,,ok
Jellyfin_Nvidia,Apps/Jellyfin_Nvidia/docker-compose.yml,ddafea7cf83bdbc7ca16d42d1682bcc933ef4dfc5e57793b26a9e74ba1c46238,ok,jellyfin,yes,linuxserver/jellyfin:10.10.6,10.10.6,10.10.6,yes,2025-02-16,yes,yes,en_US,https://jellyfin.org/,https://github.com/jellyfin/jellyfin,https://github.com/jellyfin/jellyfin/issues,https://jellyfin.org/docs/,,4,ok:4,"main,version,updateAt,releaseNotes,website,repo,support,docs,main_image_tag,nonempty_links",,,ok
Jellyseerr,Apps/Jellyseerr/docker-compose.yml,c506d28c880c39c265866f8b68787bc415fde3d2d2a754e6d327e1e0d8eee0aa,ok,jellyseerr,yes,fallenbagel/jellyseerr:2.7.3,2.7.3,2.7.3,yes,2025-08-14,yes,yes,en_US,https://seerr.dev/,https://github.com/Fallenbagel/jellyseerr,https://github.com/Fallenbagel/jellyseerr/issues,https://docs.seerr.dev/,,4,ok:4,"main,version,updateAt,releaseNotes,website,repo,support,docs,main_image_tag,nonempty_links",,,ok
Jenkin,Apps/Jenkin/docker-compose.yml,e62a94bc53a8ea2e0bbd8c07901d5367442e0d4c3cfe8a09117f7f54cf109aa8,ok,jenkins,yes,jenkins/jenkins:lts-jdk17,lts-jdk17,lts-jdk17,yes,2024-10-24,yes,yes,en_US,https://www.jenkins.io/,https://github.com/jenkinsci/jenkins,https://www.jenkins.io/participate/,https://www.jenkins.io/doc/,,4,ok:4,"main,version,updateAt,releaseNotes,website,repo,support,docs,main_image_tag,nonempty_links",,,ok
Kavita,Apps/Kavita/docker-compose.yml,7c0a14dd66d344980f4140d224ddbf04e18412740c004a7bd9cd944511daf6ad,ok,kavita,yes,jvmilazz0/kavita:0.8.8,0.8.8,0.8.8,yes,2025-10-20,yes,yes,en_US,https://www.kavitareader.com,https://github.com/Kareadita/Kavita,https://github.com/Kareadita/Kavita/issues,https://wiki.kavitareader.com/,,4,ok:4,"main,version,updateAt,releaseNotes,website,repo,support,docs,main_image_tag,nonempty_links",,,ok
Komga,Apps/Komga/docker-compose.yml,c155de20103217795c330fce5b615a19a84accb2b9af5d31137704e387a3f865,ok,komga,yes,gotson/komga:1.23.6,1.23.6,1.23.6,yes,2025-11-28,yes,yes,en_US,https://komga.org,https://github.com/gotson/komga,https://github.com/gotson/komga/issues,https://komga.org/docs/introduction/,,4,ok:4,"main,version,updateAt,releaseNotes,website,repo,support,docs,main_image_tag,nonempty_links",,,ok
LabelStudio,Apps/LabelStudio/docker-compose.yml,b72d71d46342befeb707f35617a37130265879ee255381a441a62126f2ac5b8f,ok,label-studio,yes,heartexlabs/label-studio:1.9.2,1.9.2,1.9.2,yes,2023-11-07,yes,yes,en_US,https://labelstud.io/,https://github.com/HumanSignal/label-studio,https://github.com/HumanSignal/label-studio/issues,https://labelstud.io/guide/,,4,ok:4,"main,version,updateAt,releaseNotes,website,repo,support,docs,main_image_tag,nonempty_links",,,ok
LangFlow,Apps/LangFlow/docker-compose.yml,63cafcecdf38a5bee8e3da357b3561cc05dca4a61331ac709bdc32d4375366fc,ok,langflow,yes,langflowai/langflow:1.5.0,1.5.0,1.5.0,yes,2025-07-08,yes,yes,en_US,https://www.langflow.org,https://github.com/langflow-ai/langflow,https://github.com/langflow-ai/langflow/issues,https://docs.langflow.org,,4,ok:4,"main,version,updateAt,releaseNotes,website,repo,support,docs,main_image_tag,nonempty_links",,,ok
Lazylibrarian,Apps/Lazylibrarian/docker-compose.yml,db935b5e76f3516ff75881029c907ff1f07dd82bcab2d4641c2066cb87d278c1,ok,lazylibrarian,yes,linuxserver/lazylibrarian:version-169e669f,version-169e669f,version-169e669f,yes,2025-12-03,yes,yes,en_US,https://lazylibrarian.gitlab.io/,https://github.com/lazylibrarian/LazyLibrarian,https://github.com/LazyLibrarian/LazyLibrarian/issues,https://lazylibrarian.gitlab.io/,,4,ok:4,"main,version,updateAt,releaseNotes,website,repo,support,docs,main_image_tag,nonempty_links",,,ok
LibreChat,Apps/LibreChat/docker-compose.yml,8d5c68e434510070ba57fdfce814d0d49da51956ba3230a6e115a61ed66b00cd,ok,librechat-api,yes,ghcr.io/danny-avila/librechat-dev:latest,latest,latest,yes,2026-04-20,yes,yes,en_US,https://www.librechat.ai,https://github.com/danny-avila/LibreChat,https://github.com/danny-avila/LibreChat/issues,https://www.librechat.ai/docs/configuration/librechat_yaml/ai_endpoints,,4,ok:4,"main,version,updateAt,releaseNotes,website,repo,support,docs,main_image_tag,nonempty_links",,,ok
Lidarr,Apps/Lidarr/docker-compose.yml,9eda8899dcc088de3aaeb040ff1ee67fc25fd5eea59178a77a68ca5aaa736aa0,ok,lidarr,yes,linuxserver/lidarr:3.1.0,3.1.0,3.1.0,yes,2025-12-03,yes,yes,en_US,https://lidarr.audio/,https://github.com/Lidarr/Lidarr,https://github.com/Lidarr/Lidarr/issues,https://wiki.servarr.com/lidarr,,4,ok:4,"main,version,updateAt,releaseNotes,website,repo,support,docs,main_image_tag,nonempty_links",,,ok
Linkwarden,Apps/Linkwarden/docker-compose.yml,343081d07815f360d7d0d6116d550dcd7f3b49a6861a0154e09c09a974c9e817,ok,linkwarden,yes,ghcr.io/linkwarden/linkwarden:v2.14.1,v2.14.1,v2.14.1,yes,2026-04-22,yes,yes,en_US,https://linkwarden.app/,https://github.com/linkwarden/linkwarden,,https://docs.linkwarden.app/,support,3,ok:3,"main,version,updateAt,releaseNotes,website,repo,support,docs,main_image_tag,nonempty_links",,fixed_current_run: support null normalized to empty string,ok_with_intentional_blank_fields
LLaMA-Factory_Nvidia,Apps/LLaMA-Factory_Nvidia/docker-compose.yml,79ad71d6cb9c1c666a1178566fb01cc398ce751e84e0e98316f429ae60a9e638,ok,llama-factory-nvidia,yes,hiyouga/llamafactory:0.9.4,0.9.4,0.9.4,yes,2025-12-31,yes,yes,en_US,https://llamafactory.readthedocs.io/,https://github.com/hiyouga/LLaMA-Factory,https://github.com/hiyouga/LLaMA-Factory/issues,https://llamafactory.readthedocs.io/,,4,ok:4,"main,version,updateAt,releaseNotes,website,repo,support,docs,main_image_tag,nonempty_links",,,ok
Logseq,Apps/Logseq/docker-compose.yml,9db15ad3981c1ca90cb4eb25081a923b479fe6cc079dd491e80365430268d53c,ok,logseq,yes,correctroad/logseq:v0.10.10,v0.10.10,v0.10.10,yes,2025-05-06,yes,yes,en_US,https://logseq.com/,https://github.com/logseq/logseq,https://github.com/logseq/logseq/issues,https://docs.logseq.com/,,4,ok:4,"main,version,updateAt,releaseNotes,website,repo,support,docs,main_image_tag,nonempty_links",,,ok
Lucky,Apps/Lucky/docker-compose.yml,fe55b10e9f21f94a33c2ef6e2e0042f89dc416c83c9fddcadd45176d89df9b26,ok,lucky,yes,gdy666/lucky:2.20.2,2.20.2,2.20.2,yes,2025-11-20,yes,yes,en_US,https://lucky666.cn/,https://github.com/gdy666/lucky,https://github.com/gdy666/lucky/issues,https://lucky666.cn/docs/,,4,ok:4,"main,version,updateAt,releaseNotes,website,repo,support,docs,main_image_tag,nonempty_links",,,ok
LyrionMusicServer,Apps/LyrionMusicServer/docker-compose.yml,57c1839a291effb9031b210fcacc57c7d5ce0a12e52c7e8a16f03fe55fe4556c,ok,lyrionmusicserver,yes,lmscommunity/lyrionmusicserver:9.1.0,9.1.0,9.1.0,yes,2026-02-19,yes,yes,en_US,https://www.lyrion.org,https://github.com/lms-community/slimserver,,https://lyrion.org/getting-started/,support,3,ok:3,"main,version,updateAt,releaseNotes,website,repo,support,docs,main_image_tag,nonempty_links",,blank fields kept as empty strings because official source is uncertain,ok_with_intentional_blank_fields
MariaDB,Apps/MariaDB/docker-compose.yml,adc9c10a2b64dc49a736e40800996b6b491e5345b1a00e1813b2aaeb9c399e24,ok,mariadb,yes,linuxserver/mariadb:11.4.8,11.4.8,11.4.8,yes,2025-08-06,yes,yes,en_US,https://mariadb.org/,https://github.com/MariaDB/server,https://mariadb.com/kb/en/getting-help-with-mariadb/,https://mariadb.com/kb/en/documentation/,,4,ok:4,"main,version,updateAt,releaseNotes,website,repo,support,docs,main_image_tag,nonempty_links",,,ok
Maybe,Apps/Maybe/docker-compose.yml,14c046f70a5523dd80cb4919932c5f65a8f00755a28ad3560410fee2f96c27a2,ok,maybe-web,yes,ghcr.io/maybe-finance/maybe:latest,latest,latest,yes,2025-09-04,yes,yes,en_US,,https://github.com/maybe-finance/maybe,https://github.com/maybe-finance/maybe/issues,https://github.com/maybe-finance/maybe#readme,website,3,ok:3,"main,version,updateAt,releaseNotes,website,repo,support,docs,main_image_tag,nonempty_links",,blank fields kept as empty strings because official source is uncertain,ok_with_intentional_blank_fields
Medusa,Apps/Medusa/docker-compose.yml,28a0b35a520575e9de8a96e71922d05213b849b8b2a3d28d6a098f1a2eac4ea4,ok,medusa,yes,pymedusa/medusa:master,master,master,yes,2024-03-26,yes,yes,en_US,,https://github.com/pymedusa/Medusa,https://github.com/pymedusa/Medusa/issues,https://github.com/pymedusa/Medusa/wiki,website,3,ok:3,"main,version,updateAt,releaseNotes,website,repo,support,docs,main_image_tag,nonempty_links",,blank fields kept as empty strings because official source is uncertain,ok_with_intentional_blank_fields
Memos,Apps/Memos/docker-compose.yml,3fbed6e2af687b0f5ed96dadefbb8f3c0fff231d7aa5952062a97b5bacbfb3f2,ok,memos,yes,neosmemo/memos:0.25,0.25,0.25,yes,2025-07-16,yes,yes,en_US,https://www.usememos.com/,https://github.com/usememos/memos,https://github.com/usememos/memos/issues,https://www.usememos.com/docs,,4,ok:4,"main,version,updateAt,releaseNotes,website,repo,support,docs,main_image_tag,nonempty_links",,,ok
MineOS,Apps/MineOS/docker-compose.yml,c0e57ef69c471cb64ab81d10171982db9828e2aea631f6994e23f98ef847a011,ok,mineos,yes,hexparrot/mineos:latest,latest,latest,yes,2023-11-27,yes,yes,en_US,https://www.mineos.net/,https://github.com/hexparrot/mineos-node,https://github.com/hexparrot/mineos-node/issues,https://www.mineos.net/,,4,ok:4,"main,version,updateAt,releaseNotes,website,repo,support,docs,main_image_tag,nonempty_links",,,ok
Mongo,Apps/Mongo/docker-compose.yml,e430422625fde324a911194d1b194e698f66961d154b526575600adfa6d60f76,ok,mongo,yes,mongo:8.2.2,8.2.2,8.2.2,yes,2025-12-05,yes,yes,en_US,https://www.mongodb.com/,https://github.com/mongodb/mongo,https://www.mongodb.com/community/forums/,https://www.mongodb.com/docs/,,4,ok:4,"main,version,updateAt,releaseNotes,website,repo,support,docs,main_image_tag,nonempty_links",,,ok
MongoDB4,Apps/MongoDB4/docker-compose.yml,698f4a671da71f323f17a7d512577c23b648d738841cc8dc563b7f483b25174e,ok,mongodb4,yes,mongo:4.4.22,4.4.22,4.4.22,yes,2024-01-25,yes,yes,en_US,https://www.mongodb.com/,https://github.com/mongodb/mongo,https://www.mongodb.com/community/forums/,https://www.mongodb.com/docs/v4.4/,,4,ok:4,"main,version,updateAt,releaseNotes,website,repo,support,docs,main_image_tag,nonempty_links",,,ok
Monica,Apps/Monica/docker-compose.yml,c9ac87acdd068552cbd0fff5ab5aea1a9b56adfa48f7232bffa9a926f02bd72e,ok,monica,yes,monica:4.1.2,4.1.2,4.1.2,yes,2024-05-04,yes,yes,en_US,https://www.monicahq.com,https://github.com/monicahq/monica,https://github.com/monicahq/monica/issues,https://docs.monicahq.com,,4,ok:4,"main,version,updateAt,releaseNotes,website,repo,support,docs,main_image_tag,nonempty_links",,,ok
Motioneye,Apps/Motioneye/docker-compose.yml,f9d0b05ee37dae70289dcf13ae3f51c74d44cc856c0898710c21b491b61c113d,ok,motioneye,yes,ccrisan/motioneye:master-amd64,master-amd64,master-amd64,yes,2024-01-25,yes,yes,en_US,,https://github.com/motioneye-project/motioneye,https://github.com/motioneye-project/motioneye/issues,https://github.com/motioneye-project/motioneye/wiki,website,3,ok:3,"main,version,updateAt,releaseNotes,website,repo,support,docs,main_image_tag,nonempty_links",,blank fields kept as empty strings because official source is uncertain,ok_with_intentional_blank_fields
Mylar3,Apps/Mylar3/docker-compose.yml,a09094f5f161f7c7bbb0976e200ca3ce74f934c6db403694000b231d69e946b9,ok,mylar3,yes,linuxserver/mylar3:0.8.3,0.8.3,0.8.3,yes,2025-08-17,yes,yes,en_US,,https://github.com/mylar3/mylar3,https://github.com/mylar3/mylar3/issues,https://github.com/mylar3/mylar3/wiki,website,3,ok:3,"main,version,updateAt,releaseNotes,website,repo,support,docs,main_image_tag,nonempty_links",,blank fields kept as empty strings because official source is uncertain,ok_with_intentional_blank_fields
MySpeed,Apps/MySpeed/docker-compose.yml,fb8b9140ef463005d7b33682138d7110f3943d9b8d3fe29528c4a6c7e5c7ca5f,ok,myspeed,yes,germannewsmaker/myspeed:1.0.9,1.0.9,1.0.9,yes,2024-05-21,yes,yes,en_US,https://myspeed.dev,https://github.com/gnmyt/myspeed,https://github.com/gnmyt/myspeed/issues,https://docs.myspeed.dev,,4,ok:4,"main,version,updateAt,releaseNotes,website,repo,support,docs,main_image_tag,nonempty_links",,,ok
N8n,Apps/N8n/docker-compose.yml,8c7fdff64bd3363cddef6707d570d2f98b2f834a92287f5b6d206705993bcfcb,ok,n8n,yes,n8nio/n8n:1.123.0,1.123.0,1.123.0,yes,2025-12-01,yes,yes,en_US,https://n8n.io,https://github.com/n8n-io/n8n,https://community.n8n.io/,https://docs.n8n.io,,4,ok:4,"main,version,updateAt,releaseNotes,website,repo,support,docs,main_image_tag,nonempty_links",,,ok
Navidrome,Apps/Navidrome/docker-compose.yml,40b21308312aec43d808895b1aec2134445ad0ec291533f38bb45ee028434090,ok,navidrome,yes,deluan/navidrome:0.58.5,0.58.5,0.58.5,yes,2025-11-09,yes,yes,en_US,https://www.navidrome.org,https://github.com/navidrome/navidrome,https://github.com/navidrome/navidrome/issues,https://www.navidrome.org/docs/,,4,ok:4,"main,version,updateAt,releaseNotes,website,repo,support,docs,main_image_tag,nonempty_links",,,ok
NetBird,Apps/NetBird/docker-compose.yml,9fee1efa22a98f515c38cf426387e0569128ddf3c18536513258846bf96d8103,ok,netbird,yes,netbirdio/netbird:0.62.3,0.62.3,0.62.3,yes,2026-01-12,yes,yes,en_US,https://netbird.io,https://github.com/netbirdio/netbird,https://netbird.io/knowledge-hub/reporting-bugs-and-requesting-features-in-netbird,https://docs.netbird.io,,4,ok:4,"main,version,updateAt,releaseNotes,website,repo,support,docs,main_image_tag,nonempty_links",,,ok
Netdata,Apps/Netdata/docker-compose.yml,a54ca67bd44836104e8969d564286063239ea478b78a8ae3a10c9e7360fce6c3,ok,app,yes,netdata/netdata:v2.8.1,v2.8.1,v2.8.1,yes,2025-11-21,yes,yes,en_US,https://www.netdata.cloud,https://github.com/netdata/netdata,https://github.com/netdata/netdata/issues,https://learn.netdata.cloud/docs,,4,ok:4,"main,version,updateAt,releaseNotes,website,repo,support,docs,main_image_tag,nonempty_links",,,ok
Nextcloud,Apps/Nextcloud/docker-compose.yml,883a87c532b4a3f4a22979a9c7e5cff703e0713f4d920ec903d6660a0f50a76e,ok,nextcloud,yes,nextcloud:32.0,32.0,32.0,yes,2025-09-27,yes,yes,en_US,https://nextcloud.com,https://github.com/nextcloud/server,https://help.nextcloud.com,https://docs.nextcloud.com/server/latest/admin_manual/,,4,ok:4,"main,version,updateAt,releaseNotes,website,repo,support,docs,main_image_tag,nonempty_links",,,ok
NginxProxyManager,Apps/NginxProxyManager/docker-compose.yml,b17aecbbde009a99ad60bd4aa1b6c82e822f925a4bb35fb8ff06621ff6a7944e,ok,nginxproxymanager,yes,jc21/nginx-proxy-manager:2.13.5,2.13.5,2.13.5,yes,2025-11-18,yes,yes,en_US,https://nginxproxymanager.com,https://github.com/NginxProxyManager/nginx-proxy-manager,https://github.com/NginxProxyManager/nginx-proxy-manager/issues,https://nginxproxymanager.com/guide/,,4,ok:4,"main,version,updateAt,releaseNotes,website,repo,support,docs,main_image_tag,nonempty_links",,,ok
Node-RED,Apps/Node-RED/docker-compose.yml,b3083604b4ade59f27278c723ba6bd50fddd865d3e253b7b32ece84c7225c4c0,ok,node-red,yes,nodered/node-red:4.1.2,4.1.2,4.1.2,yes,2025-12-03,yes,yes,en_US,https://nodered.org/,https://github.com/node-red/node-red,https://discourse.nodered.org,https://nodered.org/docs/,,4,ok:4,"main,version,updateAt,releaseNotes,website,repo,support,docs,main_image_tag,nonempty_links",,,ok
Nzbget,Apps/Nzbget/docker-compose.yml,7bfca61beee4996323bc2e592daa69a4b5bdeec8207c74fba630d8b3ec15f3cf,ok,nzbget,yes,linuxserver/nzbget:25.4.20251205,25.4.20251205,25.4.20251205,yes,2025-12-29,yes,yes,en_US,https://nzbget.com,https://github.com/nzbgetcom/nzbget,https://github.com/nzbgetcom/nzbget/discussions,https://nzbget.com/documentation,,4,ok:4,"main,version,updateAt,releaseNotes,website,repo,support,docs,main_image_tag,nonempty_links",,,ok
Obsidian,Apps/Obsidian/docker-compose.yml,3b2affe9cf5dab8da5b9df2af2f93488104d1d1d37fd9d8d88fbe2cef76856d8,ok,obsidian,yes,lscr.io/linuxserver/obsidian:1.8.10,1.8.10,1.8.10,yes,2025-04-22,yes,yes,en_US,https://obsidian.md,https://github.com/obsidianmd/obsidian-releases,https://help.obsidian.md/Help+and+support,https://help.obsidian.md,,4,ok:4,"main,version,updateAt,releaseNotes,website,repo,support,docs,main_image_tag,nonempty_links",,,ok
Ollama,Apps/Ollama/docker-compose.yml,96a6650b8b731492836b6038c98295872545bd6366a41f97443f03e2b917ea17,ok,ollama,yes,ollama/ollama:0.9.5,0.9.5,0.9.5,yes,2025-07-02,yes,yes,en_US,https://ollama.com/,https://github.com/ollama/ollama,https://github.com/ollama/ollama/issues,https://docs.ollama.com,,4,ok:4,"main,version,updateAt,releaseNotes,website,repo,support,docs,main_image_tag,nonempty_links",,,ok
Ollama_Nvidia,Apps/Ollama_Nvidia/docker-compose.yml,575495bdd66ab5ba2d3b4b98151cebe82055813afda4237b5c5f44cd4263e9d0,ok,ollama,yes,ollama/ollama:0.9.5,0.9.5,0.9.5,yes,2025-07-02,yes,yes,en_US,https://ollama.com/,https://github.com/ollama/ollama,https://github.com/ollama/ollama/issues,https://docs.ollama.com,,4,ok:4,"main,version,updateAt,releaseNotes,website,repo,support,docs,main_image_tag,nonempty_links",,,ok
Ombi,Apps/Ombi/docker-compose.yml,0644b31c930cabfb5913fccc709695948e47ea98e4f7d32a60e1f7b23dd9ff35,ok,ombi,yes,linuxserver/ombi:4.47.1,4.47.1,4.47.1,yes,2025-01-05,yes,yes,en_US,https://ombi.io,https://github.com/Ombi-app/Ombi,https://github.com/Ombi-app/Ombi/issues,https://docs.ombi.app,,4,ok:4,"main,version,updateAt,releaseNotes,website,repo,support,docs,main_image_tag,nonempty_links",,,ok
OpenClaw,Apps/OpenClaw/docker-compose.yml,a22f8143c86e09b57b736f603021f8011d2402e6505d250a99afa36483442585,ok,openclaw,yes,icewhaletech/openclaw:2026.5.7,2026.5.7,2026.5.7,yes,2026-05-07,yes,yes,en_US,https://openclaw.ai,https://github.com/openclaw/openclaw,https://github.com/openclaw/openclaw/issues,https://docs.openclaw.ai/,,4,ok:4,"main,version,updateAt,releaseNotes,website,repo,support,docs,main_image_tag,nonempty_links",,fixed_current_run: version/updateAt/releaseNotes aligned to image tag 2026.5.7,ok
OpenHAB,Apps/OpenHAB/docker-compose.yml,601ade86de0219d0e1aff9db6208e778b2753106ed6e85afcfbc8ee15ad492ad,ok,openhab,yes,openhab/openhab:4.3.3,4.3.3,4.3.3,yes,2025-02-20,yes,yes,en_US,https://www.openhab.org,https://github.com/openhab/openhab-distro,https://community.openhab.org,https://www.openhab.org/docs/,,4,ok:4,"main,version,updateAt,releaseNotes,website,repo,support,docs,main_image_tag,nonempty_links",,,ok
OpenHands,Apps/OpenHands/docker-compose.yml,3b887c3e9ffc5324e149e25cd8b2f2ad588b84f2cab11065da1cfe004e763cce,ok,openhands,yes,ghcr.io/all-hands-ai/openhands:0.59,0.59,0.59,yes,2025-10-10,yes,yes,en_US,https://www.openhands.dev/,https://github.com/All-Hands-AI/OpenHands,https://github.com/All-Hands-AI/OpenHands/issues,https://docs.all-hands.dev/,,4,ok:4,"main,version,updateAt,releaseNotes,website,repo,support,docs,main_image_tag,nonempty_links",,,ok
OpenSpeedTest,Apps/OpenSpeedTest/docker-compose.yml,d89fdc27b155fdf86ce45e7921a6da1ead98fb4b80548acba7ddb34d600c2524,ok,openspeedtest,yes,openspeedtest/latest:v2.0.6,v2.0.6,v2.0.6,yes,2025-03-18,yes,yes,en_US,,https://github.com/openspeedtest/Speed-Test,https://github.com/openspeedtest/Speed-Test/issues,https://github.com/openspeedtest/Speed-Test#readme,website,3,ok:3,"main,version,updateAt,releaseNotes,website,repo,support,docs,main_image_tag,nonempty_links",,blank fields kept as empty strings because official source is uncertain,ok_with_intentional_blank_fields
OpenWebUI,Apps/OpenWebUI/docker-compose.yml,a8f225ab54f91e51ce7ec2d13850c04705ee440d7d58ef16674db4d6c08ef15c,ok,open-webui-ollama,yes,ghcr.io/open-webui/open-webui:ollama,ollama,ollama,yes,2025-07-11,yes,yes,en_US,https://openwebui.com,https://github.com/open-webui/open-webui,https://github.com/open-webui/open-webui/discussions,https://docs.openwebui.com,,4,ok:4,"main,version,updateAt,releaseNotes,website,repo,support,docs,main_image_tag,nonempty_links",,,ok
oPodSync,Apps/oPodSync/docker-compose.yml,dad09ea2dcbcef5be0905cddb410a0cc4c37bc03045be593df699b04f26c8b30,ok,opodsync,yes,ganeshlab/opodsync:latest,latest,latest,yes,2025-12-19,yes,yes,en_US,https://fossil.kd2.org/opodsync/,https://github.com/kd2org/oPodSync,https://github.com/kd2org/oPodSync/issues,https://github.com/kd2org/oPodSync#readme,,4,ok:4,"main,version,updateAt,releaseNotes,website,repo,support,docs,main_image_tag,nonempty_links",,,ok
Overseerr,Apps/Overseerr/docker-compose.yml,ea11cc68efa2ec56794b1fbba7617f5e010d9782469376f0bc2bf98a5776bbf7,ok,overseerr,yes,linuxserver/overseerr:1.33.2,1.33.2,1.33.2,yes,2023-07-28,yes,yes,en_US,https://overseerr.dev,https://github.com/sct/overseerr,https://github.com/sct/overseerr/issues,https://docs.overseerr.dev,,4,ok:4,"main,version,updateAt,releaseNotes,website,repo,support,docs,main_image_tag,nonempty_links",,,ok
PdfDing,Apps/PdfDing/docker-compose.yml,8f07016f01112e247f422bf5161b2497b5ea64caad523003b2a2e52d1abf3b8e,ok,pdfding,yes,mrmn/pdfding:v1.3.1,v1.3.1,v1.3.1,yes,2025-04-04,yes,yes,en_US,https://www.pdfding.com,https://github.com/mrmn2/PdfDing,https://github.com/mrmn2/PdfDing/issues,https://github.com/mrmn2/PdfDing#readme,,4,ok:4,"main,version,updateAt,releaseNotes,website,repo,support,docs,main_image_tag,nonempty_links",,,ok
Peanut,Apps/Peanut/docker-compose.yml,f36b83a9179bbded27070161f96991567c2931169bc91acc38615c29ea2bec63,ok,peanut,yes,brandawg93/peanut:5.19.1,5.19.1,5.19.1,yes,2025-12-05,yes,yes,en_US,,https://github.com/brandawg93/peanut,https://github.com/brandawg93/PeaNUT/issues,https://github.com/brandawg93/PeaNUT#readme,website,3,ok:3,"main,version,updateAt,releaseNotes,website,repo,support,docs,main_image_tag,nonempty_links",,blank fields kept as empty strings because official source is uncertain,ok_with_intentional_blank_fields
Petio,Apps/Petio/docker-compose.yml,4ba67b198aa12985626695640f065cf71ca128747cde1f411cd6b567b8bdb433,ok,petio,yes,ghcr.io/petio-team/petio@sha256:1c5a9276a844f4284601cbe332905864950545ebdeaad74bacb9097ea4f4b333,,sha256:1c5a9276a844f4284601cbe332905864950545ebdeaad74bacb9097ea4f4b333,n/a,2023-07-26,yes,yes,en_US,https://petio.tv,https://github.com/petio-team/petio,https://github.com/petio-team/petio/issues,https://docs.petio.tv,,4,ok:4,"main,version,updateAt,releaseNotes,website,repo,support,docs,main_image_tag,nonempty_links",,,ok
PhotoPrism,Apps/PhotoPrism/docker-compose.yml,7996606a8f01279d284aae2f7df2b304779e41fee0622eef04807e160343beed,ok,photoprism,yes,photoprism/photoprism:250228,250228,250228,yes,2025-03-18,yes,yes,en_US,https://www.photoprism.app,https://github.com/photoprism/photoprism,https://www.photoprism.app/contact,https://docs.photoprism.app,,4,ok:4,"main,version,updateAt,releaseNotes,website,repo,support,docs,main_image_tag,nonempty_links",,,ok
Pihole,Apps/Pihole/docker-compose.yml,24f8309b2029d52caccd40f05ad37fb3f68ab8e829fceb8fe632a8b168c4f770,ok,pihole,yes,pihole/pihole:2025.11.1,2025.11.1,2025.11.1,yes,2025-12-23,yes,yes,en_US,https://pi-hole.net/,https://github.com/pi-hole/pi-hole,https://discourse.pi-hole.net,https://docs.pi-hole.net,,4,ok:4,"main,version,updateAt,releaseNotes,website,repo,support,docs,main_image_tag,nonempty_links",,,ok
Pinchflat,Apps/Pinchflat/docker-compose.yml,195679e1a3f5ad2f3c63e0888b1be40aae2d8ffe99184cd789ee8ae0c6880b94,ok,pinchflat,yes,ghcr.io/kieraneglin/pinchflat:latest,latest,latest,yes,2025-06-19,yes,yes,en_US,,https://github.com/kieraneglin/pinchflat,https://github.com/kieraneglin/pinchflat/issues,https://github.com/kieraneglin/pinchflat#readme,website,3,ok:3,"main,version,updateAt,releaseNotes,website,repo,support,docs,main_image_tag,nonempty_links",,blank fields kept as empty strings because official source is uncertain,ok_with_intentional_blank_fields
Pingvin-Share,Apps/Pingvin-Share/docker-compose.yml,cba335e39217a8604191c3f5a8425f6b1ae4233d651705eea2eeb7c1bcf8850d,ok,pingvin-share,yes,stonith404/pingvin-share,,latest,n/a,2026-01-05,yes,yes,en_US,https://stonith404.github.io/pingvin-share/,https://github.com/stonith404/pingvin-share,https://github.com/stonith404/pingvin-share/issues,https://stonith404.github.io/pingvin-share/,,4,ok:4,"main,version,updateAt,releaseNotes,website,repo,support,docs,main_image_tag,nonempty_links",,,ok
playit-agent,Apps/playit-agent/docker-compose.yml,1f519c4d4c09dd7a02f106839c9d8ac765b97939353f3b07e7ecc78b24a716bf,ok,playit-agent,yes,ghcr.io/mafen/playit-docker:latest,latest,latest,yes,2024-12-18,yes,yes,en_US,https://playit.gg,https://github.com/playit-cloud/playit-agent,https://playit.gg/support/,https://playit.gg/docs,,4,ok:4,"main,version,updateAt,releaseNotes,website,repo,support,docs,main_image_tag,nonempty_links",,,ok
Plex,Apps/Plex/docker-compose.yml,15db0b29e75404d063a2a1d60c652c0cfea486cf58ce9304f6dc733cca271ba4,ok,plex,yes,lscr.io/linuxserver/plex:1.43.1,1.43.1,1.43.1,yes,2026-04-09,yes,yes,en_US,https://www.plex.tv,https://github.com/linuxserver/docker-plex,https://support.plex.tv,https://support.plex.tv,,4,ok:4,"main,version,updateAt,releaseNotes,website,repo,support,docs,main_image_tag,nonempty_links",,fixed_current_run: image/version/updateAt/releaseNotes and appfile synchronized to 1.43.1,ok
Plex_Nvidia,Apps/Plex_Nvidia/docker-compose.yml,7d8946052e532ee04187f49081171f750717e5740f3e978c7d54de159fce81b3,ok,plex,yes,lscr.io/linuxserver/plex:1.43.1,1.43.1,1.43.1,yes,2026-04-09,yes,yes,en_US,https://www.plex.tv,https://github.com/linuxserver/docker-plex,https://support.plex.tv,https://support.plex.tv,,4,ok:4,"main,version,updateAt,releaseNotes,website,repo,support,docs,main_image_tag,nonempty_links",,fixed_current_run: image/version/updateAt/releaseNotes synchronized to 1.43.1,ok
PocketBase,Apps/PocketBase/docker-compose.yml,f1280a5f956d29fb121c297572c20bc0bff6ec272f2fb9adb08ac17dedbdc8e9,ok,pocketbase,yes,argonptg/pocketbase:0.25.9,0.25.9,0.25.9,yes,2025-03-05,yes,yes,en_US,https://pocketbase.io,https://github.com/pocketbase/pocketbase,https://github.com/pocketbase/pocketbase/discussions,https://pocketbase.io/docs/,,4,ok:4,"main,version,updateAt,releaseNotes,website,repo,support,docs,main_image_tag,nonempty_links",,,ok
Portainer,Apps/Portainer/docker-compose.yml,d87bb57c6ba3965a87d5bef3dce593c2166658187924cc6ccaad177d0b895d7d,ok,portainer,yes,portainer/portainer-ce:2.31.3,2.31.3,2.31.3,yes,2025-07-03,yes,yes,en_US,https://www.portainer.io/,https://github.com/portainer/portainer,https://docs.portainer.io/faqs/getting-support,https://docs.portainer.io,,4,ok:4,"main,version,updateAt,releaseNotes,website,repo,support,docs,main_image_tag,nonempty_links",,,ok
PostgreSQL,Apps/PostgreSQL/docker-compose.yml,6fcb0d533cbbfb53a464dee6def42ff42d895a741e9a760e91e3c7cb7f66b151,ok,postgresql,yes,postgres:17.4,17.4,17.4,yes,2025-03-18,yes,yes,en_US,https://www.postgresql.org,https://github.com/postgres/postgres,https://www.postgresql.org/support/,https://www.postgresql.org/docs/17/,,4,ok:4,"main,version,updateAt,releaseNotes,website,repo,support,docs,main_image_tag,nonempty_links",,,ok
Prowlarr,Apps/Prowlarr/docker-compose.yml,88d4a8360bd50675740e1db822e6bc48dc83efe607393b8b0fef1016bc25d7bd,ok,prowlarr,yes,linuxserver/prowlarr:2.3.5,2.3.5,2.3.5,yes,2026-04-04,yes,yes,en_US,https://prowlarr.com,https://github.com/Prowlarr/Prowlarr,https://wiki.servarr.com/prowlarr/troubleshooting,https://wiki.servarr.com/prowlarr,,4,ok:4,"main,version,updateAt,releaseNotes,website,repo,support,docs,main_image_tag,nonempty_links",,fixed_current_run: version/updateAt/releaseNotes aligned to image tag 2.3.5,ok
PsiTransfer,Apps/PsiTransfer/docker-compose.yml,88681aae8d81c856ba96aa3e1d2b2de784f0fe6c30428c5d5ca0533ba2fc1534,ok,psitransfer,yes,psitrax/psitransfer:v2.4.1,v2.4.1,v2.4.1,yes,2026-02-14,yes,yes,en_US,,https://github.com/psi-4ward/psitransfer,https://github.com/psi-4ward/psitransfer/issues,https://github.com/psi-4ward/psitransfer#readme,website,3,ok:3,"main,version,updateAt,releaseNotes,website,repo,support,docs,main_image_tag,nonempty_links",,merge_resolved: kept local metadata and accepted upstream port target stringification,ok_with_intentional_blank_fields
PyLoad,Apps/PyLoad/docker-compose.yml,533ae71906041b227ff0fd47c69dd6062549d067024d142336e36aa162ad0f9e,ok,pyload,yes,linuxserver/pyload-ng:0.5.0,0.5.0,0.5.0,yes,2024-01-25,yes,yes,en_US,https://pyload.net,https://github.com/pyload/pyload,https://github.com/pyload/pyload/issues,https://github.com/pyload/pyload/wiki,,4,ok:4,"main,version,updateAt,releaseNotes,website,repo,support,docs,main_image_tag,nonempty_links",,,ok
qBittorrent,Apps/qBittorrent/docker-compose.yml,6567e2bf8f6a3d566b8decd7c95be4bf3b2b97639ed176cc19b38997a125be72,ok,qbittorrent,yes,ghcr.io/hotio/qbittorrent:release-5.0.4,release-5.0.4,release-5.0.4,yes,2025-02-18,yes,yes,en_US,https://www.qbittorrent.org,https://github.com/qbittorrent/qBittorrent,https://github.com/qbittorrent/qBittorrent/issues,https://github.com/qbittorrent/qBittorrent/wiki,,4,ok:4,"main,version,updateAt,releaseNotes,website,repo,support,docs,main_image_tag,nonempty_links",,,ok
Radarr,Apps/Radarr/docker-compose.yml,630a6b502ef1910bfddacfbc7065fafc3f22b224b199c8d67231b02dcd810a09,ok,radarr,yes,linuxserver/radarr:6.1.1,6.1.1,6.1.1,yes,2026-03-26,yes,yes,en_US,https://radarr.video,https://github.com/Radarr/Radarr,https://radarr.video/support,https://wiki.servarr.com/radarr,,4,ok:4,"main,version,updateAt,releaseNotes,website,repo,support,docs,main_image_tag,nonempty_links",,fixed_current_run: version/updateAt/releaseNotes aligned to image tag 6.1.1,ok
RagFlow,Apps/RagFlow/docker-compose.yml,2d046b5b6d29e105069508a7f541e6cffd7de60cc4974e3847220532a6566a48,ok,ragflow,yes,icewhaletech/ragflow:v0.21.1,v0.21.1,v0.21.1,yes,2025-10-23,yes,yes,en_US,https://ragflow.io,https://github.com/infiniflow/ragflow,https://github.com/infiniflow/ragflow/issues,https://ragflow.io/docs/dev/,,4,ok:4,"main,version,updateAt,releaseNotes,website,repo,support,docs,main_image_tag,nonempty_links",,,ok
RDTClient,Apps/RDTClient/docker-compose.yml,e1f89cbf0838a9bd0d985b3eaad2acde7c965401c77456b77c416f0e98fba0a6,ok,rdtclient,yes,rogerfar/rdtclient:2,2,2,yes,2024-06-11,yes,yes,en_US,,https://github.com/rogerfar/rdt-client,https://github.com/rogerfar/rdt-client/issues,https://github.com/rogerfar/rdt-client/wiki,website,3,ok:3,"main,version,updateAt,releaseNotes,website,repo,support,docs,main_image_tag,nonempty_links",,blank fields kept as empty strings because official source is uncertain,ok_with_intentional_blank_fields
Readarr,Apps/Readarr/docker-compose.yml,d9ec39b607a24aff467d58632c49e2a935c636553f770a84704be91166e78c49,ok,readarr,yes,linuxserver/readarr:0.3.10-develop,0.3.10-develop,0.3.10-develop,yes,2023-12-05,yes,yes,en_US,https://readarr.com,https://github.com/Readarr/Readarr,https://wiki.servarr.com/readarr,https://wiki.servarr.com/readarr,,4,ok:4,"main,version,updateAt,releaseNotes,website,repo,support,docs,main_image_tag,nonempty_links",,,ok
Resilio-sync,Apps/Resilio-sync/docker-compose.yml,4a48c81dfcc857f4be0906fd479eb9c67a405c16a4987b2064fd22ec01629e39,ok,resilio-sync,yes,linuxserver/resilio-sync:2.7.3,2.7.3,2.7.3,yes,2024-06-14,yes,yes,en_US,https://www.resilio.com/sync/,https://github.com/linuxserver/docker-resilio-sync,https://github.com/linuxserver/docker-resilio-sync/issues,https://docs.linuxserver.io/images/docker-resilio-sync/,,4,ok:4,"main,version,updateAt,releaseNotes,website,repo,support,docs,main_image_tag,nonempty_links",,,ok
RetroArch,Apps/RetroArch/docker-compose.yml,a3c4cc55a907999fa08cf217fff06e9c09e89ddabd408fccb4beaa3a34199240,ok,retroarch,yes,inglebard/retroarch-web:latest,latest,latest,yes,2025-08-06,yes,yes,en_US,https://www.retroarch.com,https://github.com/libretro/RetroArch,https://github.com/libretro/RetroArch/issues,https://docs.libretro.com/,,4,ok:4,"main,version,updateAt,releaseNotes,website,repo,support,docs,main_image_tag,nonempty_links",,,ok
RomM,Apps/RomM/docker-compose.yml,6dc59511c88644aa3f445709dccf0200f137107a4ef815939a45ad106abac935,ok,romm,yes,rommapp/romm:4.0.1,4.0.1,4.0.1,yes,2025-07-26,yes,yes,en_US,https://romm.app,https://github.com/rommapp/romm,https://github.com/rommapp/romm/issues,https://docs.romm.app/,,4,ok:4,"main,version,updateAt,releaseNotes,website,repo,support,docs,main_image_tag,nonempty_links",,,ok
Sabnzbd,Apps/Sabnzbd/docker-compose.yml,98ad7ce48dedee7250eda875575f258bcde551fa8a41571e72b701159e899d7a,ok,sabnzbd,yes,linuxserver/sabnzbd:4.1.0,4.1.0,4.1.0,yes,2023-09-26,yes,yes,en_US,https://sabnzbd.org,https://github.com/sabnzbd/sabnzbd,https://forums.sabnzbd.org,https://sabnzbd.org/wiki/,,4,ok:4,"main,version,updateAt,releaseNotes,website,repo,support,docs,main_image_tag,nonempty_links",,,ok
Sickchill,Apps/Sickchill/docker-compose.yml,270a5421b0ccb73728492e05fd14b5abce03a2e805e30ea510c7ea7ce57c68ab,ok,sickchill,yes,linuxserver/sickchill:2023.6.27,2023.6.27,2023.6.27,yes,2023-06-28,yes,yes,en_US,https://sickchill.github.io,https://github.com/SickChill/SickChill,https://github.com/SickChill/SickChill/issues,https://github.com/SickChill/SickChill/wiki,,4,ok:4,"main,version,updateAt,releaseNotes,website,repo,support,docs,main_image_tag,nonempty_links",,,ok
Siyuan-Note,Apps/Siyuan-Note/docker-compose.yml,783ae12b9cdaf8748cde0076e9bd30f63d38a0b45c6515f9f202c47715694fcd,ok,siyuan-note,yes,b3log/siyuan:v3.0.1,v3.0.1,v3.0.1,yes,2024-02-27,yes,yes,en_US,https://b3log.org/siyuan/,https://github.com/siyuan-note/siyuan,https://github.com/siyuan-note/siyuan/issues,https://b3log.org/siyuan/en/,,4,ok:4,"main,version,updateAt,releaseNotes,website,repo,support,docs,main_image_tag,nonempty_links",,,ok
Smokeping,Apps/Smokeping/docker-compose.yml,f2da8b1c6d7070b2c6a44d16f632db4ea58e5d487a577259e7e68c7c532fe8ad,ok,smokeping,yes,linuxserver/smokeping:2.8.2,2.8.2,2.8.2,yes,2021-08-10,yes,yes,en_US,https://oss.oetiker.ch/smokeping/,https://github.com/oetiker/SmokePing,https://github.com/oetiker/SmokePing/issues,https://oss.oetiker.ch/smokeping/doc/,,4,ok:4,"main,version,updateAt,releaseNotes,website,repo,support,docs,main_image_tag,nonempty_links",,,ok
Snapdrop,Apps/Snapdrop/docker-compose.yml,e1cb1379992691d62104d0e0a6797a53a3d54c6e197fa872a852c36bf441445e,ok,snapdrop,yes,linuxserver/snapdrop:version-eac78009,version-eac78009,version-eac78009,yes,2023-11-27,yes,yes,en_US,https://snapdrop.net,https://github.com/RobinLinus/snapdrop,https://github.com/RobinLinus/snapdrop/issues,https://github.com/RobinLinus/snapdrop#readme,,4,ok:4,"main,version,updateAt,releaseNotes,website,repo,support,docs,main_image_tag,nonempty_links",,,ok
Sonarr,Apps/Sonarr/docker-compose.yml,2303744c6fc5bbaa83e34286c5c4c7c8200b850adafc1bf51640e3fb8b327906,ok,sonarr,yes,linuxserver/sonarr:4.0.17,4.0.17,4.0.17,yes,2026-05-04,yes,yes,en_US,https://sonarr.tv,https://github.com/Sonarr/Sonarr,https://sonarr.tv/#support,https://wiki.servarr.com/sonarr,,4,ok:4,"main,version,updateAt,releaseNotes,website,repo,support,docs,main_image_tag,nonempty_links",,fixed_current_run: version/updateAt/releaseNotes aligned to image tag 4.0.17,ok
StableDiffusionWebUI,Apps/StableDiffusionWebUI/docker-compose.yml,b28dca56100a54af28311ab994c8b834d3d8fdd4155cc8a2307eac5a9dd217ee,ok,icewhale-stable-diffusion-webui,yes,johnguan/stable-diffusion-webui:latest,latest,latest,yes,2024-03-11,yes,yes,en_US,,https://github.com/AUTOMATIC1111/stable-diffusion-webui,https://github.com/AUTOMATIC1111/stable-diffusion-webui/issues,https://github.com/AUTOMATIC1111/stable-diffusion-webui/wiki,website,3,ok:3,"main,version,updateAt,releaseNotes,website,repo,support,docs,main_image_tag,nonempty_links",,blank fields kept as empty strings because official source is uncertain,ok_with_intentional_blank_fields
Stremio,Apps/Stremio/docker-compose.yml,defdc6fa1b2abe5e7a49122753093758b11a79149496105cacf7eb8bfccb2b06,ok,stremio,yes,tsaridas/stremio-docker:v1.2.5,v1.2.5,v1.2.5,yes,2025-10-19,yes,yes,en_US,https://www.stremio.com,https://github.com/tsaridas/stremio-docker,https://github.com/tsaridas/stremio-docker/issues,https://github.com/tsaridas/stremio-docker#readme,,4,ok:4,"main,version,updateAt,releaseNotes,website,repo,support,docs,main_image_tag,nonempty_links",,,ok
Sure,Apps/Sure/docker-compose.yml,c7935dc8d5fe98e02c2c4dbe40acfd79f9456e95df17119ca12c75daac35e957,ok,sure-web,yes,ghcr.io/we-promise/sure:0.6.5-hotfix.1,0.6.5-hotfix.1,0.6.5-hotfix.1,yes,2025-12-03,yes,yes,en_US,https://sure.am,https://github.com/we-promise/sure,https://github.com/we-promise/sure/issues,https://github.com/we-promise/sure/wiki,,4,ok:4,"main,version,updateAt,releaseNotes,website,repo,support,docs,main_image_tag,nonempty_links",,,ok
SwingMusic,Apps/SwingMusic/docker-compose.yml,3f38d5a0d74e9201cf40ef45c8204b1e6f07afbb6b20db01906d99a1552d3daa,ok,swingmusic,yes,ghcr.io/swingmx/swingmusic:v1.4.8,v1.4.8,v1.4.8,yes,2024-02-26,yes,yes,en_US,https://swingmx.com,https://github.com/swing-opensource/swingmusic,https://github.com/swing-opensource/swingmusic/issues,https://github.com/swing-opensource/swingmusic#readme,,4,ok:4,"main,version,updateAt,releaseNotes,website,repo,support,docs,main_image_tag,nonempty_links",,,ok
Syncthing,Apps/Syncthing/docker-compose.yml,b2d724745f6e9bffd8f35f73e41194a3281b2c2e428c6991a69beaa81a56a07c,ok,syncthing,yes,linuxserver/syncthing:1.29.7,1.29.7,1.29.7,yes,2025-06-02,yes,yes,en_US,https://syncthing.net,https://github.com/syncthing/syncthing,https://forum.syncthing.net,https://docs.syncthing.net/,,4,ok:4,"main,version,updateAt,releaseNotes,website,repo,support,docs,main_image_tag,nonempty_links",,,ok
Tailscale,Apps/Tailscale/docker-compose.yml,6edaf2b5350567a40587253d820ff4663f43cb51d5943d6a1714098ae322854d,ok,tailscale,yes,tailscale/tailscale:v1.90.8,v1.90.8,v1.90.8,yes,2025-11-19,yes,yes,en_US,https://tailscale.com,https://github.com/tailscale/tailscale,https://tailscale.com/contact/support,https://tailscale.com/docs,,4,ok:4,"main,version,updateAt,releaseNotes,website,repo,support,docs,main_image_tag,nonempty_links",,,ok
TaskingAI,Apps/TaskingAI/docker-compose.yml,ec86eb9863a9062f8da16ad47be5ea03281be7e46fb4893a97b716b483f4d1db,ok,frontend,yes,taskingai/taskingai-console:v0.3.0,v0.3.0,v0.3.0,yes,2024-06-03,yes,yes,en_US,https://docs.tasking.ai/,https://github.com/TaskingAI/TaskingAI,https://github.com/TaskingAI/TaskingAI/issues,https://docs.tasking.ai/,,4,ok:4,"main,version,updateAt,releaseNotes,website,repo,support,docs,main_image_tag,nonempty_links",,,ok
Tautulli,Apps/Tautulli/docker-compose.yml,c28e2817b37fce25fcf69b62171981b5d89013808f5860ed52741b69839e0b7a,ok,tautulli,yes,linuxserver/tautulli:2.13.2,2.13.2,2.13.2,yes,2023-10-26,yes,yes,en_US,https://tautulli.com,https://github.com/Tautulli/Tautulli,https://github.com/Tautulli/Tautulli/issues,https://github.com/Tautulli/Tautulli-Wiki/wiki,,4,ok:4,"main,version,updateAt,releaseNotes,website,repo,support,docs,main_image_tag,nonempty_links",,,ok
Teable,Apps/Teable/docker-compose.yml,1505fc9151db90c9e35492ff2b300cba37c0c11d20f6213bd7a7be938cb3a2d9,ok,teable,yes,teableio/teable:latest,latest,latest,yes,2026-01-14,yes,yes,en_US,https://teable.ai,https://github.com/teableio/teable,https://help.teable.ai/en/basic/ai/overview,https://help.teable.ai/en/basic/ai/overview,,4,ok:4,"main,version,updateAt,releaseNotes,website,repo,support,docs,main_image_tag,nonempty_links",,,ok
Threadfin,Apps/Threadfin/docker-compose.yml,d7b26b16b0a2d1603f15bf4320ef8d904246e2afab6dc3d026cee9be1fce6456,ok,threadfin,yes,fyb3roptik/threadfin:latest,latest,latest,yes,2024-01-25,yes,yes,en_US,,https://github.com/Threadfin/Threadfin,https://github.com/Threadfin/Threadfin/issues,https://github.com/Threadfin/Threadfin#readme,website,3,ok:3,"main,version,updateAt,releaseNotes,website,repo,support,docs,main_image_tag,nonempty_links",,blank fields kept as empty strings because official source is uncertain,ok_with_intentional_blank_fields
Transmission,Apps/Transmission/docker-compose.yml,1f65a4429bc8c0ffc1e61fb99f2cf1ea4ead2d281546a3fd1bca07d6d7b67b4f,ok,transmission,yes,linuxserver/transmission:4.0.4,4.0.4,4.0.4,yes,2023-08-28,yes,yes,en_US,https://transmissionbt.com/,https://github.com/transmission/transmission,https://github.com/transmission/transmission/issues,https://github.com/transmission/transmission/blob/main/docs/README.md,,4,ok:4,"main,version,updateAt,releaseNotes,website,repo,support,docs,main_image_tag,nonempty_links",,,ok
Trilium,Apps/Trilium/docker-compose.yml,263816c8db4ce230d12ef600f32fa79394b1a467b3be6ab1366ce101d04dc292,ok,trilium,yes,triliumnext/trilium:v0.99.3,v0.99.3,v0.99.3,yes,2025-10-22,yes,yes,en_US,https://triliumnext.github.io/Docs/,https://github.com/TriliumNext/Trilium,https://github.com/TriliumNext/Trilium/issues,https://triliumnext.github.io/Docs/,,4,ok:4,"main,version,updateAt,releaseNotes,website,repo,support,docs,main_image_tag,nonempty_links",,,ok
TurboDiffusion_Nvidia,Apps/TurboDiffusion_Nvidia/docker-compose.yml,630cbf291cb10c8ce3e27c0386cc47a9413ca834a39b9706ca903b590905f368,ok,turbodiffusion,yes,icewhaletech/turbodiffusion:20260312,20260312,20260312,yes,2026-04-04,yes,yes,en_US,,https://github.com/thu-ml/TurboDiffusion,https://github.com/thu-ml/TurboDiffusion/issues,https://github.com/thu-ml/TurboDiffusion#readme,website,3,ok:3,"main,version,updateAt,releaseNotes,website,repo,support,docs,main_image_tag,nonempty_links",,blank fields kept as empty strings because official source is uncertain,ok_with_intentional_blank_fields
Twingate,Apps/Twingate/docker-compose.yml,d7b0ef0dde2b9c5eb73f4c8a63ea3de6afc2a28aec1f32bc20e5faeb6a6331ae,ok,twingate-connector,yes,twingate/connector:1,1,1,yes,2024-01-26,yes,yes,en_US,https://www.twingate.com,,https://www.twingate.com/support,https://www.twingate.com/docs/connectors,repo,3,ok:3,"main,version,updateAt,releaseNotes,website,repo,support,docs,main_image_tag,nonempty_links",,blank fields kept as empty strings because official source is uncertain,ok_with_intentional_blank_fields
Unifi-controller,Apps/Unifi-controller/docker-compose.yml,298607691449f5aa6ab3a8cb9d398b6315415225d6e077e50efd5f4fd81b25dc,ok,unifi-controller,yes,linuxserver/unifi-controller:8.0.7,8.0.7,8.0.7,yes,2024-02-20,yes,yes,en_US,https://ui.com,https://github.com/linuxserver/docker-unifi-controller,https://github.com/linuxserver/docker-unifi-controller/issues,https://docs.linuxserver.io/deprecated_images/docker-unifi-controller/,,4,ok:4,"main,version,updateAt,releaseNotes,website,repo,support,docs,main_image_tag,nonempty_links",,,ok
Unifi-Network-Application,Apps/Unifi-Network-Application/docker-compose.yml,4cb30168c5796632984b3b8621eda745738790bc5a0c7394c50802d406b011dd,ok,unifi-network-application,yes,lscr.io/linuxserver/unifi-network-application:latest,latest,latest,yes,2024-01-29,yes,yes,en_US,https://ui.com,https://github.com/linuxserver/docker-unifi-network-application,https://github.com/linuxserver/docker-unifi-network-application/issues,https://docs.linuxserver.io/images/docker-unifi-network-application/#ports-p,,4,ok:4,"main,version,updateAt,releaseNotes,website,repo,support,docs,main_image_tag,nonempty_links",,,ok
UptimeKuma,Apps/UptimeKuma/docker-compose.yml,dad5885d71edf79ce294fb4bc60561c7edae5db911a10e74689f0b800916e74b,ok,uptimekuma,yes,louislam/uptime-kuma:1.23.16-alpine,1.23.16-alpine,1.23.16-alpine,yes,2025-07-08,yes,yes,en_US,https://uptimekuma.org,https://github.com/louislam/uptime-kuma,https://github.com/louislam/uptime-kuma/issues,https://github.com/louislam/uptime-kuma/wiki,,4,ok:4,"main,version,updateAt,releaseNotes,website,repo,support,docs,main_image_tag,nonempty_links",,,ok
V2rayA,Apps/V2rayA/docker-compose.yml,edabe2d7e5a24684fdb1009ad206935659d4f9be0bffe5aec521b9e4a09139ee,ok,v2raya,yes,mzz2017/v2raya:v2.2.6.7,v2.2.6.7,v2.2.6.7,yes,2025-03-27,yes,yes,en_US,https://v2raya.org/,https://github.com/v2rayA/v2rayA,https://github.com/v2rayA/v2rayA/issues,https://v2raya.org/en/docs/prologue/introduction/,,4,ok:4,"main,version,updateAt,releaseNotes,website,repo,support,docs,main_image_tag,nonempty_links",,,ok
Vaultwarden,Apps/Vaultwarden/docker-compose.yml,7bd82af86a6750b87b5e6ffa64cd5a2caa33f235cbcba232164e2813617844e2,ok,vaultwarden,yes,vaultwarden/server:1.32.7,1.32.7,1.32.7,yes,2024-12-20,yes,yes,en_US,https://vaultwarden.net,https://github.com/dani-garcia/vaultwarden,https://github.com/dani-garcia/vaultwarden/discussions,https://github.com/dani-garcia/vaultwarden/wiki,,4,ok:4,"main,version,updateAt,releaseNotes,website,repo,support,docs,main_image_tag,nonempty_links",,,ok
VirtualMachineManager,Apps/VirtualMachineManager/docker-compose.yml,e0e87261cee97a651583a7a60a784e91181741abcdb51bf0f4797025c3935a27,ok,virt-manager,yes,mber5/virt-manager:latest,latest,latest,yes,2024-05-28,yes,yes,en_US,https://virt-manager.org,https://github.com/m-bers/docker-virt-manager,https://github.com/m-bers/docker-virt-manager/issues,https://github.com/m-bers/docker-virt-manager#readme,,4,ok:4,"main,version,updateAt,releaseNotes,website,repo,support,docs,main_image_tag,nonempty_links",,,ok
VoceChat,Apps/VoceChat/docker-compose.yml,32b1d50783918a92304cb17dac28400905a24d9798c79a24ae7e2a5fa85a8f27,ok,vocechat,yes,privoce/vocechat-server:v0.3.33,v0.3.33,v0.3.33,yes,2025-05-28,yes,yes,en_US,https://voce.chat,https://github.com/Privoce/vocechat-server-rust,https://github.com/Privoce/vocechat-server-rust/issues,https://doc.voce.chat/,,4,ok:4,"main,version,updateAt,releaseNotes,website,repo,support,docs,main_image_tag,nonempty_links",,,ok
Wallabag,Apps/Wallabag/docker-compose.yml,caef832581b7a2f8f05762150357e70be35086167f0e836223fa04cafaacb365,ok,wallabag,yes,wallabag/wallabag:2.6.13,2.6.13,2.6.13,yes,2025-06-04,yes,yes,en_US,https://wallabag.org,https://github.com/wallabag/wallabag,https://github.com/wallabag/wallabag/issues,https://doc.wallabag.org,,4,ok:4,"main,version,updateAt,releaseNotes,website,repo,support,docs,main_image_tag,nonempty_links",,,ok
WebDav,Apps/WebDav/docker-compose.yml,b7237e64053c98e537225b3f345057e53e8151225becc6d1b0d79eebddc89c94,ok,webdav,yes,ugeek/webdav:amd64,amd64,amd64,yes,2025-03-05,yes,yes,en_US,,https://github.com/ugeek/docker-webdav,https://github.com/ugeek/docker-webdav/issues,https://github.com/ugeek/docker-webdav#readme,website,3,ok:3,"main,version,updateAt,releaseNotes,website,repo,support,docs,main_image_tag,nonempty_links",,blank fields kept as empty strings because official source is uncertain,ok_with_intentional_blank_fields
WeKnora,Apps/WeKnora/docker-compose.yml,69b19308a1b0d9fa4762eea017cd75894536218a3920df15895efa4e3e47e7a5,ok,weknora,yes,wechatopenai/weknora-ui:v0.2.14,v0.2.14,v0.2.14,yes,2026-01-30,yes,yes,en_US,https://weknora.weixin.qq.com,https://github.com/Tencent/WeKnora,https://github.com/Tencent/WeKnora/issues,https://github.com/Tencent/WeKnora#readme,,4,ok:4,"main,version,updateAt,releaseNotes,website,repo,support,docs,main_image_tag,nonempty_links",,,ok
WireGuardEasy,Apps/WireGuardEasy/docker-compose.yml,3c020de85302f66af1bd0c080247e67a7dc159d868b53f36becd530178690c1b,ok,wg-easy,yes,ghcr.io/wg-easy/wg-easy:13,13,13,yes,2024-05-20,yes,yes,en_US,,https://github.com/wg-easy/wg-easy,https://github.com/wg-easy/wg-easy/issues,https://wg-easy.github.io/wg-easy/v15.1/,website,3,ok:3,"main,version,updateAt,releaseNotes,website,repo,support,docs,main_image_tag,nonempty_links",,blank fields kept as empty strings because official source is uncertain,ok_with_intentional_blank_fields
Ztnet,Apps/Ztnet/docker-compose.yml,6d95ebf55b74b2c87870f76cf21c598fd6d15de4e924d2450b4bfc159a636ce7,ok,ztnet,yes,sinamics/ztnet:0.7.5,0.7.5,0.7.5,yes,2025-06-05,yes,yes,en_US,https://ztnet.network/,https://github.com/sinamics/ztnet,https://github.com/sinamics/ztnet/issues,https://ztnet.network/installation/docker-compose,,4,ok:4,"main,version,updateAt,releaseNotes,website,repo,support,docs,main_image_tag,nonempty_links",,,ok
