app,action,source_status,version,image_tag,image,repo,matched_tag,source_url,checked
2FAuth,keep,verified_github_release,5.4.3,5.4.3,2fauth/2fauth:5.4.3,https://github.com/Bubka/2FAuth,v5.4.3,https://github.com/Bubka/2FAuth/releases/tag/v5.4.3,5.4.3=404; v5.4.3=200
ActualBudget,keep,verified_github_release,25.7.1,25.7.1,actualbudget/actual-server:25.7.1,https://github.com/actualbudget/actual,v25.7.1,https://github.com/actualbudget/actual/releases/tag/v25.7.1,25.7.1=404; v25.7.1=200
AdGuardHome,keep,verified_github_release,v0.107.61,v0.107.61,adguard/adguardhome:v0.107.61,https://github.com/AdguardTeam/AdGuardHome,v0.107.61,https://github.com/AdguardTeam/AdGuardHome/releases/tag/v0.107.61,v0.107.61=200; 0.107.61=404
Adminer,keep,verified_github_release,5.4.1,5.4.1,adminer:5.4.1,https://github.com/vrana/adminer,v5.4.1,https://github.com/vrana/adminer/releases/tag/v5.4.1,5.4.1=404; v5.4.1=200
AlbyHub,keep,verified_github_release,v1.20.0,v1.20.0,ghcr.io/getalby/hub:v1.20.0,https://github.com/getAlby/hub,v1.20.0,https://github.com/getAlby/hub/releases/tag/v1.20.0,v1.20.0=200; 1.20.0=404
Alist,keep,verified_github_release,v3.40.0,v3.40.0,xhofe/alist:v3.40.0,https://github.com/AlistGo/alist,v3.40.0,https://github.com/AlistGo/alist/releases/tag/v3.40.0,v3.40.0=200; 3.40.0=404
Alist-Sync,keep,verified_github_release,1.1.5,1.1.5,xjxjin/alist-sync:1.1.5,https://github.com/xjxjin/alist-sync,v1.1.5,https://github.com/xjxjin/alist-sync/releases/tag/v1.1.5,1.1.5=404; v1.1.5=200
Anaconda3,keep,verified_official_docs_manual,2024.10-1,2024.10-1,continuumio/anaconda3:2024.10-1,https://github.com/anaconda/docker-images,2024.10-1,https://www.anaconda.com/docs/getting-started/anaconda/release/2024,manual_web_verified:200:https://www.anaconda.com/docs/getting-started/anaconda/release/2024
AnythingLLM,blank,no_release_for_candidates,latest,latest,mintplexlabs/anythingllm,https://github.com/Mintplex-Labs/anything-llm,,,latest=404
ArchiveBox,keep,verified_github_release,0.7.3,0.7.3,archivebox/archivebox:0.7.3,https://github.com/ArchiveBox/ArchiveBox,v0.7.3,https://github.com/ArchiveBox/ArchiveBox/releases/tag/v0.7.3,0.7.3=404; v0.7.3=200
Audiobookshelf,keep,verified_github_release,2.30.0,2.30.0,ghcr.io/advplyr/audiobookshelf:2.30.0,https://github.com/advplyr/audiobookshelf,v2.30.0,https://github.com/advplyr/audiobookshelf/releases/tag/v2.30.0,2.30.0=404; v2.30.0=200
Autobrr,keep,verified_github_release,v1.69.0,v1.69.0,ghcr.io/autobrr/autobrr:v1.69.0,https://github.com/autobrr/autobrr,v1.69.0,https://github.com/autobrr/autobrr/releases/tag/v1.69.0,v1.69.0=200; 1.69.0=404
Bazarr,keep,verified_github_release,1.5.6,1.5.6,linuxserver/bazarr:1.5.6,https://github.com/morpheus65535/bazarr,v1.5.6,https://github.com/morpheus65535/bazarr/releases/tag/v1.5.6,1.5.6=404; v1.5.6=200
BeaverHabitTracker,keep,verified_github_release,0.7.3,0.7.3,daya0576/beaverhabits:0.7.3,https://github.com/daya0576/beaverhabits,v0.7.3,https://github.com/daya0576/beaverhabits/releases/tag/v0.7.3,0.7.3=404; v0.7.3=200
Blinko,keep,verified_github_release,1.8.7,1.8.7,blinkospace/blinko:1.8.7,https://github.com/blinkospace/blinko,1.8.7,https://github.com/blinkospace/blinko/releases/tag/1.8.7,1.8.7=200; v1.8.7=404
Calibre-web,keep,verified_github_release,0.6.24,0.6.24,linuxserver/calibre-web:0.6.24,https://github.com/janeczku/calibre-web,0.6.24,https://github.com/janeczku/calibre-web/releases/tag/0.6.24,0.6.24=200; v0.6.24=404
ChatbotUI,blank,no_release_for_candidates,main,main,ghcr.io/mckaywrigley/chatbot-ui:main,https://github.com/mckaywrigley/chatbot-ui,,,main=404
ChatGPT-Next-Web,keep,verified_github_release,v2.16.1,v2.16.1,yidadaa/chatgpt-next-web:v2.16.1,https://github.com/ChatGPTNextWeb/NextChat,v2.16.1,https://github.com/ChatGPTNextWeb/NextChat/releases/tag/v2.16.1,v2.16.1=200; 2.16.1=404
CloudBeaver,keep,verified_github_release,25.2.5,25.2.5,dbeaver/cloudbeaver:25.2.5,https://github.com/dbeaver/cloudbeaver,25.2.5,https://github.com/dbeaver/cloudbeaver/releases/tag/25.2.5,25.2.5=200; v25.2.5=404
Cloudflared,blank,no_release_for_candidates,2025.2.1,2025.2.1,wisdomsky/cloudflared-web:2025.2.1,https://github.com/WisdomSky/Cloudflared-web,,,2025.2.1=404; v2025.2.1=404
ConvertX,keep,verified_github_release,v0.14.1,v0.14.1,c4illin/convertx:v0.14.1,https://github.com/c4illin/convertx,v0.14.1,https://github.com/c4illin/convertx/releases/tag/v0.14.1,v0.14.1=200; 0.14.1=404
CopyParty,keep,verified_github_release,1.20.13,1.20.13,icewhaletech/copyparty:1.20.13,https://github.com/9001/copyparty,v1.20.13,https://github.com/9001/copyparty/releases/tag/v1.20.13,1.20.13=404; v1.20.13=200
Crafty,keep,verified_gitlab_release,4.4.11,4.4.11,registry.gitlab.com/crafty-controller/crafty-4:4.4.11,https://gitlab.com/crafty-controller/crafty-4,v4.4.11,https://gitlab.com/crafty-controller/crafty-4/-/releases/v4.4.11,4.4.11=404; v4.4.11=200
Databag,blank,no_release_for_candidates,0.1.18,0.1.18,balzack/databag:0.1.18,https://github.com/balzack/databag,,,0.1.18=404; v0.1.18=404
Ddns-go,keep,verified_github_release,v6.17.0,v6.17.0,jeessy/ddns-go:v6.17.0,https://github.com/jeessy2/ddns-go,v6.17.0,https://github.com/jeessy2/ddns-go/releases/tag/v6.17.0,v6.17.0=200; 6.17.0=404
DDNS-Updater,keep,verified_github_release,v2.9.0,v2.9.0,qmcgaw/ddns-updater:v2.9.0,https://github.com/qdm12/ddns-updater,v2.9.0,https://github.com/qdm12/ddns-updater/releases/tag/v2.9.0,v2.9.0=200; 2.9.0=404
DeepSeek-OCR_Nvidia,blank,no_release_for_candidates,v2.2.0,v2.2.0,icewhaletech/deepseek-ocr-backend:v2.2.0,https://github.com/rdumasia303/deepseek_ocr_app,,,v2.2.0=404; 2.2.0=404
Deluge,blank,no_release_for_candidates,2.2.0,2.2.0,linuxserver/deluge:2.2.0,https://github.com/deluge-torrent/deluge,,,2.2.0=404; v2.2.0=404
Dify,keep,verified_github_release,0.12.1,0.12.1,langgenius/dify-web:0.12.1,https://github.com/langgenius/dify,0.12.1,https://github.com/langgenius/dify/releases/tag/0.12.1,0.12.1=200; v0.12.1=404
Docmost,keep,verified_github_release,0.21.0,0.21.0,docmost/docmost:0.21.0,https://github.com/docmost/docmost,v0.21.0,https://github.com/docmost/docmost/releases/tag/v0.21.0,0.21.0=404; v0.21.0=200
Downtify,keep,verified_github_release,2.6.0,2.6.0,ghcr.io/henriquesebastiao/downtify:2.6.0,https://github.com/henriquesebastiao/downtify,2.6.0,https://github.com/henriquesebastiao/downtify/releases/tag/2.6.0,2.6.0=200; v2.6.0=404
DuckDNS,blank,no_release_for_candidates,latest,latest,lscr.io/linuxserver/duckdns:latest,https://github.com/linuxserver/docker-duckdns,,,latest=404
Duplicati,blank,no_release_for_candidates,2.1.0,2.1.0,linuxserver/duplicati:2.1.0,https://github.com/duplicati/duplicati,,,2.1.0=404; v2.1.0=404
Emby,keep,verified_github_release_manual,4.9.1,4.9.1,linuxserver/emby:4.9.1,https://github.com/linuxserver/docker-emby,4.9.1,https://github.com/MediaBrowser/Emby.Releases/releases/tag/4.9.1.80,manual_web_verified:200:https://github.com/MediaBrowser/Emby.Releases/releases/tag/4.9.1.80
Emby_Nvidia,keep,verified_github_release_manual,4.9.1,4.9.1,linuxserver/emby:4.9.1,https://github.com/linuxserver/docker-emby,4.9.1,https://github.com/MediaBrowser/Emby.Releases/releases/tag/4.9.1.80,manual_web_verified:200:https://github.com/MediaBrowser/Emby.Releases/releases/tag/4.9.1.80
Embystat,keep,verified_github_release_prefix,0.2.0,0.2.0,linuxserver/embystat:0.2.0,https://github.com/mregni/EmbyStat,0.2.0,https://github.com/mregni/EmbyStat/releases/tag/0.2.0-beta.38,github_release_exact:404:https://github.com/mregni/EmbyStat/releases/tag/0.2.0 | github_release_exact:404:https://github.com/mregni/EmbyStat/releases/tag/v0.2.0 | github_releases_page:200:https://github.com/mregni/EmbyStat/releases | github_release_prefix:200:https://github.com/mregni/EmbyStat/releases/tag/0.2.0-beta.38
EmulatorJS,keep,verified_github_release,1.9.2,1.9.2,linuxserver/emulatorjs:1.9.2,https://github.com/linuxserver/emulatorjs,1.9.2,https://github.com/linuxserver/emulatorjs/releases/tag/1.9.2,1.9.2=200; v1.9.2=404
ESPHome,keep,verified_github_release,2025.11.0,2025.11.0,ghcr.io/esphome/esphome:2025.11.0,https://github.com/esphome/esphome,2025.11.0,https://github.com/esphome/esphome/releases/tag/2025.11.0,2025.11.0=200; v2025.11.0=404
Excalidraw,blank,no_release_for_candidates,latest,latest,excalidraw/excalidraw:latest,https://github.com/excalidraw/excalidraw,,,latest=404
Filedrop,blank,repo_empty,1.0.1,1.0.1,noecl/filedrop:1.0.1,,,,
FileFlows,blank,repo_empty,stable,stable,revenz/fileflows:stable,,,,
Firefly,blank,no_release_for_candidates,latest,latest,uusec/firefly:latest,https://github.com/Safe3/firefly,,,latest=404
FlareSolverr,keep,verified_github_release,v3.4.5,v3.4.5,ghcr.io/flaresolverr/flaresolverr:v3.4.5,https://github.com/FlareSolverr/FlareSolverr,v3.4.5,https://github.com/FlareSolverr/FlareSolverr/releases/tag/v3.4.5,v3.4.5=200; 3.4.5=404
FlowiseAi,keep,verified_github_release_manual,3.0.11,3.0.11,flowiseai/flowise:3.0.11,https://github.com/flowiseai/flowise,3.0.11,https://github.com/FlowiseAI/Flowise/releases/tag/flowise%403.0.11,manual_web_verified:200:https://github.com/FlowiseAI/Flowise/releases/tag/flowise%403.0.11
FreshRSS,keep,verified_github_release,1.27.1,1.27.1,freshrss/freshrss:1.27.1,https://github.com/FreshRSS/FreshRSS,1.27.1,https://github.com/FreshRSS/FreshRSS/releases/tag/1.27.1,1.27.1=200; v1.27.1=404
Gateway-go,keep,verified_github_release,v2.0.11,v2.0.11,openiothub/gateway-go:v2.0.11,https://github.com/OpenIoTHub/gateway-go,v2.0.11,https://github.com/OpenIoTHub/gateway-go/releases/tag/v2.0.11,v2.0.11=200; 2.0.11=404
Gitea,keep,verified_github_release_exact,1.25,1.25,gitea/gitea:1.25,https://github.com/go-gitea/gitea,1.25,https://github.com/go-gitea/gitea/releases/tag/v1.25.0,github_release_exact:404:https://github.com/go-gitea/gitea/releases/tag/1.25 | github_release_exact:404:https://github.com/go-gitea/gitea/releases/tag/v1.25 | github_release_exact:404:https://github.com/go-gitea/gitea/releases/tag/1.25.0 | github_release_exact:200:https://github.com/go-gitea/gitea/releases/tag/v1.25.0
Glances,keep,verified_github_release,4.4.1,4.4.1,nicolargo/glances:4.4.1,https://github.com/nicolargo/glances,v4.4.1,https://github.com/nicolargo/glances/releases/tag/v4.4.1,4.4.1=404; v4.4.1=200
Gopeed,keep,verified_github_release,v1.8.3,v1.8.3,liwei2633/gopeed:v1.8.3,https://github.com/gopeedlab/gopeed,v1.8.3,https://github.com/gopeedlab/gopeed/releases/tag/v1.8.3,v1.8.3=200; 1.8.3=404
Grafana,keep,verified_github_release,12.1.4,12.1.4,grafana/grafana:12.1.4,https://github.com/grafana/grafana,v12.1.4,https://github.com/grafana/grafana/releases/tag/v12.1.4,12.1.4=404; v12.1.4=200
Handbrake,keep,verified_github_release,v25.10.1,v25.10.1,jlesage/handbrake:v25.10.1,https://github.com/jlesage/docker-handbrake,v25.10.1,https://github.com/jlesage/docker-handbrake/releases/tag/v25.10.1,v25.10.1=200; 25.10.1=404
HermesAgent,blank,no_release_for_candidates,latest,latest,nousresearch/hermes-agent:latest,https://github.com/NousResearch/hermes-agent,,,latest=404
HoloPlay,blank,no_release_for_candidates,1.12.3,1.12.3,spout8301/holoplay:1.12.3,https://github.com/stephane-r/HoloPlay,,,1.12.3=404; v1.12.3=404
HomeAssistant,keep,verified_github_release_exact,2025.11,2025.11,homeassistant/home-assistant:2025.11,https://github.com/home-assistant/core,2025.11,https://github.com/home-assistant/core/releases/tag/2025.11.0,github_release_exact:404:https://github.com/home-assistant/core/releases/tag/2025.11 | github_release_exact:404:https://github.com/home-assistant/core/releases/tag/v2025.11 | github_release_exact:200:https://github.com/home-assistant/core/releases/tag/2025.11.0
Homebridge,blank,no_release_for_candidates,latest,latest,homebridge/homebridge:latest,https://github.com/homebridge/homebridge,,,latest=404
Hugo,keep,verified_github_release,v0.152.2,v0.152.2,ghcr.io/gohugoio/hugo:v0.152.2,https://github.com/gohugoio/hugo,v0.152.2,https://github.com/gohugoio/hugo/releases/tag/v0.152.2,v0.152.2=200; 0.152.2=404
Immich,keep,verified_github_release,v2.7.2,v2.7.2,ghcr.io/immich-app/immich-server:v2.7.2,https://github.com/immich-app/immich,v2.7.2,https://github.com/immich-app/immich/releases/tag/v2.7.2,v2.7.2=200; 2.7.2=404
Index-TTS,blank,no_release_for_candidates,2.0,2.0,icewhaletech/index-tts:2.0,https://github.com/index-tts/index-tts,,,2.0=404; v2.0=404
Index-TTS_Nvidia,blank,no_release_for_candidates,2.0,2.0,icewhaletech/index-tts:2.0,https://github.com/index-tts/index-tts,,,2.0=404; v2.0=404
Jackett,keep,verified_github_release,0.24.1841,0.24.1841,linuxserver/jackett:0.24.1841,https://github.com/Jackett/Jackett,v0.24.1841,https://github.com/Jackett/Jackett/releases/tag/v0.24.1841,0.24.1841=404; v0.24.1841=200
JDownloader2,blank,repo_empty,latest,latest,jlesage/jdownloader-2:latest,,,,
Jellyfin,keep,verified_github_release,10.10.7,10.10.7,linuxserver/jellyfin:10.10.7,https://github.com/jellyfin/jellyfin,v10.10.7,https://github.com/jellyfin/jellyfin/releases/tag/v10.10.7,10.10.7=404; v10.10.7=200
Jellyfin_Nvidia,keep,verified_github_release,10.10.6,10.10.6,linuxserver/jellyfin:10.10.6,https://github.com/jellyfin/jellyfin,v10.10.6,https://github.com/jellyfin/jellyfin/releases/tag/v10.10.6,10.10.6=404; v10.10.6=200
Jellyseerr,keep,verified_github_release,2.7.3,2.7.3,fallenbagel/jellyseerr:2.7.3,https://github.com/Fallenbagel/jellyseerr,v2.7.3,https://github.com/Fallenbagel/jellyseerr/releases/tag/v2.7.3,2.7.3=404; v2.7.3=200
Jenkin,blank,no_release_for_candidates,lts-jdk17,lts-jdk17,jenkins/jenkins:lts-jdk17,https://github.com/jenkinsci/jenkins,,,lts-jdk17=404
Kavita,keep,verified_github_release,0.8.8,0.8.8,jvmilazz0/kavita:0.8.8,https://github.com/Kareadita/Kavita,v0.8.8,https://github.com/Kareadita/Kavita/releases/tag/v0.8.8,0.8.8=404; v0.8.8=200
Komga,keep,verified_github_release,1.23.6,1.23.6,gotson/komga:1.23.6,https://github.com/gotson/komga,1.23.6,https://github.com/gotson/komga/releases/tag/1.23.6,1.23.6=200; v1.23.6=404
LabelStudio,keep,verified_github_release,1.9.2,1.9.2,heartexlabs/label-studio:1.9.2,https://github.com/HumanSignal/label-studio,1.9.2,https://github.com/HumanSignal/label-studio/releases/tag/1.9.2,1.9.2=200; v1.9.2=404
LangFlow,keep,verified_github_release,1.5.0,1.5.0,langflowai/langflow:1.5.0,https://github.com/langflow-ai/langflow,1.5.0,https://github.com/langflow-ai/langflow/releases/tag/1.5.0,1.5.0=200; v1.5.0=404
Lazylibrarian,blank,no_release_for_candidates,version-169e669f,version-169e669f,linuxserver/lazylibrarian:version-169e669f,https://github.com/lazylibrarian/LazyLibrarian,,,version-169e669f=404
LibreChat,blank,no_release_for_candidates,latest,latest,ghcr.io/danny-avila/librechat-dev:latest,https://github.com/danny-avila/LibreChat,,,latest=404
Lidarr,keep,verified_github_release_prefix,3.1.0,3.1.0,linuxserver/lidarr:3.1.0,https://github.com/Lidarr/Lidarr,3.1.0,https://github.com/Lidarr/Lidarr/releases/tag/v3.1.0.4875,github_release_exact:404:https://github.com/Lidarr/Lidarr/releases/tag/3.1.0 | github_release_exact:404:https://github.com/Lidarr/Lidarr/releases/tag/v3.1.0 | github_releases_page:200:https://github.com/Lidarr/Lidarr/releases | github_release_prefix:200:https://github.com/Lidarr/Lidarr/releases/tag/v3.1.0.4875
Linkwarden,keep,verified_github_release,v2.14.1,v2.14.1,ghcr.io/linkwarden/linkwarden:v2.14.1,https://github.com/linkwarden/linkwarden,v2.14.1,https://github.com/linkwarden/linkwarden/releases/tag/v2.14.1,v2.14.1=200; 2.14.1=404
LLaMA-Factory_Nvidia,keep,verified_github_release,0.9.4,0.9.4,hiyouga/llamafactory:0.9.4,https://github.com/hiyouga/LLaMA-Factory,v0.9.4,https://github.com/hiyouga/LLaMA-Factory/releases/tag/v0.9.4,0.9.4=404; v0.9.4=200
Logseq,keep,verified_github_release,v0.10.10,v0.10.10,correctroad/logseq:v0.10.10,https://github.com/logseq/logseq,0.10.10,https://github.com/logseq/logseq/releases/tag/0.10.10,v0.10.10=404; 0.10.10=200
Lucky,keep,verified_github_release,2.20.2,2.20.2,gdy666/lucky:2.20.2,https://github.com/gdy666/lucky,v2.20.2,https://github.com/gdy666/lucky/releases/tag/v2.20.2,2.20.2=404; v2.20.2=200
LyrionMusicServer,keep,verified_github_release,9.1.0,9.1.0,lmscommunity/lyrionmusicserver:9.1.0,https://github.com/lms-community/slimserver,9.1.0,https://github.com/lms-community/slimserver/releases/tag/9.1.0,9.1.0=200; v9.1.0=404
MariaDB,keep,verified_official_docs,11.4.8,11.4.8,linuxserver/mariadb:11.4.8,https://github.com/MariaDB/server,11.4.8,https://mariadb.com/docs/release-notes/,github_release_exact:404:https://github.com/MariaDB/server/releases/tag/11.4.8 | github_release_exact:404:https://github.com/MariaDB/server/releases/tag/v11.4.8 | github_releases_page:200:https://github.com/MariaDB/server/releases | official_probe:404:https://mariadb.org/release-notes/ | official_probe:404:https://mariadb.org/releases/ | official_probe:404:https://mariadb.org/changelog/ | official_probe:404:https://mariadb.org/changelogs/ | official_probe:404:https://mariadb.org/docs/release-notes/ | official_probe:404:https://mariadb.org/docs/releases/ | official_probe:404:https://mariadb.org/docs/changelog/ | official_probe:404:https://mariadb.org/latest-release-notes/ | official_probe:404:https://mariadb.com/release-notes/ | official_probe:404:https://mariadb.com/releases/ | official_probe:404:https://mariadb.com/changelog/ | official_probe:404:https://mariadb.com/changelogs/ | official_probe:200:https://mariadb.com/docs/release-notes/
Maybe,blank,no_release_for_candidates,latest,latest,ghcr.io/maybe-finance/maybe:latest,https://github.com/maybe-finance/maybe,,,latest=404
Medusa,blank,no_release_for_candidates,master,master,pymedusa/medusa:master,https://github.com/pymedusa/Medusa,,,master=404
Memos,keep,verified_github_release_exact,0.25,0.25,neosmemo/memos:0.25,https://github.com/usememos/memos,0.25,https://github.com/usememos/memos/releases/tag/v0.25.0,github_release_exact:404:https://github.com/usememos/memos/releases/tag/0.25 | github_release_exact:404:https://github.com/usememos/memos/releases/tag/v0.25 | github_release_exact:404:https://github.com/usememos/memos/releases/tag/0.25.0 | github_release_exact:200:https://github.com/usememos/memos/releases/tag/v0.25.0
MineOS,blank,no_release_for_candidates,latest,latest,hexparrot/mineos:latest,https://github.com/hexparrot/mineos-node,,,latest=404
Mongo,keep,verified_official_docs,8.2.2,8.2.2,mongo:8.2.2,https://github.com/mongodb/mongo,8.2.2,https://www.mongodb.com/docs/manual/release-notes/8.2/,github_release_exact:404:https://github.com/mongodb/mongo/releases/tag/8.2.2 | github_release_exact:404:https://github.com/mongodb/mongo/releases/tag/v8.2.2 | github_releases_page:200:https://github.com/mongodb/mongo/releases | official_probe:404:https://www.mongodb.com/release-notes/ | official_probe:404:https://www.mongodb.com/releases/ | official_probe:200:https://www.mongodb.com/changelog/ | official_probe:404:https://www.mongodb.com/changelogs/ | official_probe:404:https://www.mongodb.com/docs/release-notes/ | official_probe:404:https://www.mongodb.com/docs/releases/ | official_probe:404:https://www.mongodb.com/docs/changelog/ | official_probe:404:https://www.mongodb.com/latest-release-notes/ | official_specific:200:https://www.mongodb.com/docs/manual/release-notes/8.2/
MongoDB4,blank,no_release_for_candidates,4.4.22,4.4.22,mongo:4.4.22,https://github.com/mongodb/mongo,,,4.4.22=404; v4.4.22=404
Monica,keep,verified_github_release,4.1.2,4.1.2,monica:4.1.2,https://github.com/monicahq/monica,v4.1.2,https://github.com/monicahq/monica/releases/tag/v4.1.2,4.1.2=404; v4.1.2=200
Motioneye,blank,no_release_for_candidates,master-amd64,master-amd64,ccrisan/motioneye:master-amd64,https://github.com/motioneye-project/motioneye,,,master-amd64=404
Mylar3,keep,verified_github_release,0.8.3,0.8.3,linuxserver/mylar3:0.8.3,https://github.com/mylar3/mylar3,v0.8.3,https://github.com/mylar3/mylar3/releases/tag/v0.8.3,0.8.3=404; v0.8.3=200
MySpeed,keep,verified_github_release,1.0.9,1.0.9,germannewsmaker/myspeed:1.0.9,https://github.com/gnmyt/myspeed,v1.0.9,https://github.com/gnmyt/myspeed/releases/tag/v1.0.9,1.0.9=404; v1.0.9=200
N8n,keep,verified_github_release_variant,1.123.0,1.123.0,n8nio/n8n:1.123.0,https://github.com/n8n-io/n8n,1.123.0,https://github.com/n8n-io/n8n/releases/tag/n8n%401.123.0,github_release_exact:404:https://github.com/n8n-io/n8n/releases/tag/1.123.0 | github_release_exact:404:https://github.com/n8n-io/n8n/releases/tag/v1.123.0 | github_release_variant:200:https://github.com/n8n-io/n8n/releases/tag/n8n%401.123.0
Navidrome,keep,verified_github_release,0.58.5,0.58.5,deluan/navidrome:0.58.5,https://github.com/navidrome/navidrome,v0.58.5,https://github.com/navidrome/navidrome/releases/tag/v0.58.5,0.58.5=404; v0.58.5=200
NetBird,keep,verified_github_release,0.62.3,0.62.3,netbirdio/netbird:0.62.3,https://github.com/netbirdio/netbird,v0.62.3,https://github.com/netbirdio/netbird/releases/tag/v0.62.3,0.62.3=404; v0.62.3=200
Netdata,keep,verified_github_release,v2.8.1,v2.8.1,netdata/netdata:v2.8.1,https://github.com/netdata/netdata,v2.8.1,https://github.com/netdata/netdata/releases/tag/v2.8.1,v2.8.1=200; 2.8.1=404
Nextcloud,keep,verified_github_release_exact,32.0,32.0,nextcloud:32.0,https://github.com/nextcloud/server,32.0,https://github.com/nextcloud/server/releases/tag/v32.0.0,github_release_exact:404:https://github.com/nextcloud/server/releases/tag/32.0 | github_release_exact:404:https://github.com/nextcloud/server/releases/tag/v32.0 | github_release_exact:404:https://github.com/nextcloud/server/releases/tag/32.0.0 | github_release_exact:200:https://github.com/nextcloud/server/releases/tag/v32.0.0
NginxProxyManager,keep,verified_github_release,2.13.5,2.13.5,jc21/nginx-proxy-manager:2.13.5,https://github.com/NginxProxyManager/nginx-proxy-manager,v2.13.5,https://github.com/NginxProxyManager/nginx-proxy-manager/releases/tag/v2.13.5,2.13.5=404; v2.13.5=200
Node-RED,keep,verified_github_release,4.1.2,4.1.2,nodered/node-red:4.1.2,https://github.com/node-red/node-red,4.1.2,https://github.com/node-red/node-red/releases/tag/4.1.2,4.1.2=200; v4.1.2=404
Nzbget,blank,no_release_for_candidates,25.4.20251205,25.4.20251205,linuxserver/nzbget:25.4.20251205,https://github.com/nzbgetcom/nzbget,,,25.4.20251205=404; v25.4.20251205=404
Obsidian,keep,verified_github_release,1.8.10,1.8.10,lscr.io/linuxserver/obsidian:1.8.10,https://github.com/obsidianmd/obsidian-releases,v1.8.10,https://github.com/obsidianmd/obsidian-releases/releases/tag/v1.8.10,1.8.10=404; v1.8.10=200
Ollama,keep,verified_github_release,0.9.5,0.9.5,ollama/ollama:0.9.5,https://github.com/ollama/ollama,v0.9.5,https://github.com/ollama/ollama/releases/tag/v0.9.5,0.9.5=404; v0.9.5=200
Ollama_Nvidia,keep,verified_github_release,0.9.5,0.9.5,ollama/ollama:0.9.5,https://github.com/ollama/ollama,v0.9.5,https://github.com/ollama/ollama/releases/tag/v0.9.5,0.9.5=404; v0.9.5=200
Ombi,keep,verified_github_release,4.47.1,4.47.1,linuxserver/ombi:4.47.1,https://github.com/Ombi-app/Ombi,v4.47.1,https://github.com/Ombi-app/Ombi/releases/tag/v4.47.1,4.47.1=404; v4.47.1=200
OpenClaw,keep,verified_github_release,2026.5.7,2026.5.7,icewhaletech/openclaw:2026.5.7,https://github.com/openclaw/openclaw,v2026.5.7,https://github.com/openclaw/openclaw/releases/tag/v2026.5.7,2026.5.7=404; v2026.5.7=200
OpenHAB,keep,verified_github_release,4.3.3,4.3.3,openhab/openhab:4.3.3,https://github.com/openhab/openhab-distro,4.3.3,https://github.com/openhab/openhab-distro/releases/tag/4.3.3,4.3.3=200; v4.3.3=404
OpenHands,keep,verified_github_release_exact,0.59,0.59,ghcr.io/all-hands-ai/openhands:0.59,https://github.com/All-Hands-AI/OpenHands,0.59,https://github.com/All-Hands-AI/OpenHands/releases/tag/0.59.0,github_release_exact:404:https://github.com/All-Hands-AI/OpenHands/releases/tag/0.59 | github_release_exact:404:https://github.com/All-Hands-AI/OpenHands/releases/tag/v0.59 | github_release_exact:200:https://github.com/All-Hands-AI/OpenHands/releases/tag/0.59.0
OpenSpeedTest,blank,no_release_for_candidates,v2.0.6,v2.0.6,openspeedtest/latest:v2.0.6,https://github.com/openspeedtest/Speed-Test,,,v2.0.6=404; 2.0.6=404
OpenWebUI,blank,no_release_for_candidates,ollama,ollama,ghcr.io/open-webui/open-webui:ollama,https://github.com/open-webui/open-webui,,,ollama=404
oPodSync,blank,no_release_for_candidates,latest,latest,ganeshlab/opodsync:latest,https://github.com/kd2org/oPodSync,,,latest=404
Overseerr,keep,verified_github_release,1.33.2,1.33.2,linuxserver/overseerr:1.33.2,https://github.com/sct/overseerr,v1.33.2,https://github.com/sct/overseerr/releases/tag/v1.33.2,1.33.2=404; v1.33.2=200
PdfDing,keep,verified_github_release,v1.3.1,v1.3.1,mrmn/pdfding:v1.3.1,https://github.com/mrmn2/PdfDing,v1.3.1,https://github.com/mrmn2/PdfDing/releases/tag/v1.3.1,v1.3.1=200; 1.3.1=404
Peanut,keep,verified_github_release,5.19.1,5.19.1,brandawg93/peanut:5.19.1,https://github.com/brandawg93/peanut,v5.19.1,https://github.com/brandawg93/peanut/releases/tag/v5.19.1,5.19.1=404; v5.19.1=200
Petio,blank,no_release_for_candidates,sha256:1c5a9276a844f4284601cbe332905864950545ebdeaad74bacb9097ea4f4b333,sha256:1c5a9276a844f4284601cbe332905864950545ebdeaad74bacb9097ea4f4b333,ghcr.io/petio-team/petio@sha256:1c5a9276a844f4284601cbe332905864950545ebdeaad74bacb9097ea4f4b333,https://github.com/petio-team/petio,,,sha256:1c5a9276a844f4284601cbe332905864950545ebdeaad74bacb9097ea4f4b333=404
PhotoPrism,keep,verified_github_release_prefix,250228,250228,photoprism/photoprism:250228,https://github.com/photoprism/photoprism,250228,https://github.com/photoprism/photoprism/releases/tag/250228-43447fa38,github_release_exact:404:https://github.com/photoprism/photoprism/releases/tag/250228 | github_release_exact:404:https://github.com/photoprism/photoprism/releases/tag/v250228 | github_releases_page:200:https://github.com/photoprism/photoprism/releases | github_release_prefix:200:https://github.com/photoprism/photoprism/releases/tag/250228-43447fa38
Pihole,blank,no_release_for_candidates,2025.11.1,2025.11.1,pihole/pihole:2025.11.1,https://github.com/pi-hole/pi-hole,,,2025.11.1=404; v2025.11.1=404
Pinchflat,blank,no_release_for_candidates,latest,latest,ghcr.io/kieraneglin/pinchflat:latest,https://github.com/kieraneglin/pinchflat,,,latest=404
Pingvin-Share,blank,no_release_for_candidates,latest,latest,stonith404/pingvin-share,https://github.com/stonith404/pingvin-share,,,latest=404
playit-agent,blank,no_release_for_candidates,latest,latest,ghcr.io/mafen/playit-docker:latest,https://github.com/playit-cloud/playit-agent,,,latest=404
Plex,blank,no_release_for_candidates,1.41.3,1.41.3,lscr.io/linuxserver/plex:1.41.3,https://github.com/linuxserver/docker-plex,,,1.41.3=404; v1.41.3=404
Plex_Nvidia,blank,no_release_for_candidates,1.41.3,1.41.3,lscr.io/linuxserver/plex:1.41.3,https://github.com/linuxserver/docker-plex,,,1.41.3=404; v1.41.3=404
PocketBase,keep,verified_github_release,0.25.9,0.25.9,argonptg/pocketbase:0.25.9,https://github.com/pocketbase/pocketbase,v0.25.9,https://github.com/pocketbase/pocketbase/releases/tag/v0.25.9,0.25.9=404; v0.25.9=200
Portainer,keep,verified_github_release,2.31.3,2.31.3,portainer/portainer-ce:2.31.3,https://github.com/portainer/portainer,2.31.3,https://github.com/portainer/portainer/releases/tag/2.31.3,2.31.3=200; v2.31.3=404
PostgreSQL,keep,verified_official_docs,17.4,17.4,postgres:17.4,https://github.com/postgres/postgres,17.4,https://www.postgresql.org/docs/release/17.4/,github_release_exact:404:https://github.com/postgres/postgres/releases/tag/17.4 | github_release_exact:404:https://github.com/postgres/postgres/releases/tag/v17.4 | github_release_exact:404:https://github.com/postgres/postgres/releases/tag/17.4.0 | github_release_exact:404:https://github.com/postgres/postgres/releases/tag/v17.4.0 | github_releases_page:200:https://github.com/postgres/postgres/releases | official_probe:404:https://www.postgresql.org/release-notes/ | official_probe:404:https://www.postgresql.org/releases/ | official_probe:404:https://www.postgresql.org/changelog/ | official_probe:404:https://www.postgresql.org/changelogs/ | official_probe:404:https://www.postgresql.org/docs/release-notes/ | official_probe:404:https://www.postgresql.org/docs/releases/ | official_probe:404:https://www.postgresql.org/docs/changelog/ | official_probe:404:https://www.postgresql.org/latest-release-notes/ | official_specific:200:https://www.postgresql.org/docs/release/17.4/
Prowlarr,keep,verified_github_release_prefix,2.3.5,2.3.5,linuxserver/prowlarr:2.3.5,https://github.com/Prowlarr/Prowlarr,2.3.5,https://github.com/Prowlarr/Prowlarr/releases/tag/v2.3.5.5327,github_release_exact:404:https://github.com/Prowlarr/Prowlarr/releases/tag/2.3.5 | github_release_exact:404:https://github.com/Prowlarr/Prowlarr/releases/tag/v2.3.5 | github_releases_page:200:https://github.com/Prowlarr/Prowlarr/releases | github_release_prefix:200:https://github.com/Prowlarr/Prowlarr/releases/tag/v2.3.5.5327
PsiTransfer,keep,verified_github_release,v2.4.1,v2.4.1,psitrax/psitransfer:v2.4.1,https://github.com/psi-4ward/psitransfer,v2.4.1,https://github.com/psi-4ward/psitransfer/releases/tag/v2.4.1,v2.4.1=200; 2.4.1=404
PyLoad,blank,no_release_for_candidates,0.5.0,0.5.0,linuxserver/pyload-ng:0.5.0,https://github.com/pyload/pyload,,,0.5.0=404; v0.5.0=404
qBittorrent,keep,verified_github_release,release-5.0.4,release-5.0.4,ghcr.io/hotio/qbittorrent:release-5.0.4,https://github.com/qbittorrent/qBittorrent,release-5.0.4,https://github.com/qbittorrent/qBittorrent/releases/tag/release-5.0.4,release-5.0.4=200
Radarr,keep,verified_github_release_prefix,6.1.1,6.1.1,linuxserver/radarr:6.1.1,https://github.com/Radarr/Radarr,6.1.1,https://github.com/Radarr/Radarr/releases/tag/v6.1.1.10360,github_release_exact:404:https://github.com/Radarr/Radarr/releases/tag/6.1.1 | github_release_exact:404:https://github.com/Radarr/Radarr/releases/tag/v6.1.1 | github_releases_page:200:https://github.com/Radarr/Radarr/releases | github_release_prefix:200:https://github.com/Radarr/Radarr/releases/tag/v6.1.1.10360
RagFlow,keep,verified_github_release,v0.21.1,v0.21.1,icewhaletech/ragflow:v0.21.1,https://github.com/infiniflow/ragflow,v0.21.1,https://github.com/infiniflow/ragflow/releases/tag/v0.21.1,v0.21.1=200; 0.21.1=404
RDTClient,blank,no_release_for_candidates,2,2,rogerfar/rdtclient:2,https://github.com/rogerfar/rdt-client,,,2=404; v2=404
Readarr,blank,no_release_for_candidates,0.3.10-develop,0.3.10-develop,linuxserver/readarr:0.3.10-develop,https://github.com/Readarr/Readarr,,,0.3.10-develop=404; v0.3.10-develop=404
Resilio-sync,blank,no_release_for_candidates,2.7.3,2.7.3,linuxserver/resilio-sync:2.7.3,https://github.com/linuxserver/docker-resilio-sync,,,2.7.3=404; v2.7.3=404
RetroArch,blank,no_release_for_candidates,latest,latest,inglebard/retroarch-web:latest,https://github.com/libretro/RetroArch,,,latest=404
RomM,keep,verified_github_release,4.0.1,4.0.1,rommapp/romm:4.0.1,https://github.com/rommapp/romm,4.0.1,https://github.com/rommapp/romm/releases/tag/4.0.1,4.0.1=200; v4.0.1=404
Sabnzbd,keep,verified_github_release,4.1.0,4.1.0,linuxserver/sabnzbd:4.1.0,https://github.com/sabnzbd/sabnzbd,4.1.0,https://github.com/sabnzbd/sabnzbd/releases/tag/4.1.0,4.1.0=200; v4.1.0=404
Sickchill,keep,verified_github_release,2023.6.27,2023.6.27,linuxserver/sickchill:2023.6.27,https://github.com/SickChill/SickChill,2023.6.27,https://github.com/SickChill/SickChill/releases/tag/2023.6.27,2023.6.27=200; v2023.6.27=404
Siyuan-Note,keep,verified_github_release,v3.0.1,v3.0.1,b3log/siyuan:v3.0.1,https://github.com/siyuan-note/siyuan,v3.0.1,https://github.com/siyuan-note/siyuan/releases/tag/v3.0.1,v3.0.1=200; 3.0.1=404
Smokeping,keep,verified_github_release,2.8.2,2.8.2,linuxserver/smokeping:2.8.2,https://github.com/oetiker/SmokePing,2.8.2,https://github.com/oetiker/SmokePing/releases/tag/2.8.2,2.8.2=200; v2.8.2=404
Snapdrop,blank,no_release_for_candidates,version-eac78009,version-eac78009,linuxserver/snapdrop:version-eac78009,https://github.com/RobinLinus/snapdrop,,,version-eac78009=404
Sonarr,keep,verified_github_release_prefix,4.0.17,4.0.17,linuxserver/sonarr:4.0.17,https://github.com/Sonarr/Sonarr,4.0.17,https://github.com/Sonarr/Sonarr/releases/tag/v4.0.17.2967,github_release_exact:404:https://github.com/Sonarr/Sonarr/releases/tag/4.0.17 | github_release_exact:404:https://github.com/Sonarr/Sonarr/releases/tag/v4.0.17 | github_releases_page:200:https://github.com/Sonarr/Sonarr/releases | github_release_prefix:200:https://github.com/Sonarr/Sonarr/releases/tag/v4.0.17.2967
StableDiffusionWebUI,blank,no_release_for_candidates,latest,latest,johnguan/stable-diffusion-webui:latest,https://github.com/AUTOMATIC1111/stable-diffusion-webui,,,latest=404
Stremio,keep,verified_github_release,v1.2.5,v1.2.5,tsaridas/stremio-docker:v1.2.5,https://github.com/tsaridas/stremio-docker,v1.2.5,https://github.com/tsaridas/stremio-docker/releases/tag/v1.2.5,v1.2.5=200; 1.2.5=404
Sure,keep,verified_github_release,0.6.5-hotfix.1,0.6.5-hotfix.1,ghcr.io/we-promise/sure:0.6.5-hotfix.1,https://github.com/we-promise/sure,v0.6.5-hotfix.1,https://github.com/we-promise/sure/releases/tag/v0.6.5-hotfix.1,0.6.5-hotfix.1=404; v0.6.5-hotfix.1=200
SwingMusic,keep,verified_github_release,v1.4.8,v1.4.8,ghcr.io/swingmx/swingmusic:v1.4.8,https://github.com/swing-opensource/swingmusic,v1.4.8,https://github.com/swing-opensource/swingmusic/releases/tag/v1.4.8,v1.4.8=200; 1.4.8=404
Syncthing,keep,verified_github_release,1.29.7,1.29.7,linuxserver/syncthing:1.29.7,https://github.com/syncthing/syncthing,v1.29.7,https://github.com/syncthing/syncthing/releases/tag/v1.29.7,1.29.7=404; v1.29.7=200
Tailscale,keep,verified_github_release,v1.90.8,v1.90.8,tailscale/tailscale:v1.90.8,https://github.com/tailscale/tailscale,v1.90.8,https://github.com/tailscale/tailscale/releases/tag/v1.90.8,v1.90.8=200; 1.90.8=404
TaskingAI,keep,verified_github_release,v0.3.0,v0.3.0,taskingai/taskingai-console:v0.3.0,https://github.com/TaskingAI/TaskingAI,v0.3.0,https://github.com/TaskingAI/TaskingAI/releases/tag/v0.3.0,v0.3.0=200; 0.3.0=404
Tautulli,keep,verified_github_release,2.13.2,2.13.2,linuxserver/tautulli:2.13.2,https://github.com/Tautulli/Tautulli,v2.13.2,https://github.com/Tautulli/Tautulli/releases/tag/v2.13.2,2.13.2=404; v2.13.2=200
Teable,blank,no_release_for_candidates,latest,latest,teableio/teable:latest,https://github.com/teableio/teable,,,latest=404
Threadfin,blank,no_release_for_candidates,latest,latest,fyb3roptik/threadfin:latest,https://github.com/Threadfin/Threadfin,,,latest=404
Transmission,keep,verified_github_release,4.0.4,4.0.4,linuxserver/transmission:4.0.4,https://github.com/transmission/transmission,4.0.4,https://github.com/transmission/transmission/releases/tag/4.0.4,4.0.4=200; v4.0.4=404
Trilium,keep,verified_github_release,v0.99.3,v0.99.3,triliumnext/trilium:v0.99.3,https://github.com/TriliumNext/Trilium,v0.99.3,https://github.com/TriliumNext/Trilium/releases/tag/v0.99.3,v0.99.3=200; 0.99.3=404
TurboDiffusion_Nvidia,blank,no_release_for_candidates,20260312,20260312,icewhaletech/turbodiffusion:20260312,https://github.com/thu-ml/TurboDiffusion,,,20260312=404; v20260312=404
Twingate,blank,repo_empty,1,1,twingate/connector:1,,,,
Unifi-controller,keep,verified_github_release_prefix,8.0.7,8.0.7,linuxserver/unifi-controller:8.0.7,https://github.com/linuxserver/docker-unifi-controller,8.0.7,https://github.com/linuxserver-archive/docker-unifi-controller/releases/tag/8.0.7-ls218,github_release_exact:404:https://github.com/linuxserver/docker-unifi-controller/releases/tag/8.0.7 | github_release_exact:404:https://github.com/linuxserver/docker-unifi-controller/releases/tag/v8.0.7 | github_releases_page:200:https://github.com/linuxserver/docker-unifi-controller/releases | github_release_prefix:200:https://github.com/linuxserver-archive/docker-unifi-controller/releases/tag/8.0.7-ls218
Unifi-Network-Application,blank,no_release_for_candidates,latest,latest,lscr.io/linuxserver/unifi-network-application:latest,https://github.com/linuxserver/docker-unifi-network-application,,,latest=404
UptimeKuma,keep,verified_github_release_exact,1.23.16-alpine,1.23.16-alpine,louislam/uptime-kuma:1.23.16-alpine,https://github.com/louislam/uptime-kuma,1.23.16-alpine,https://github.com/louislam/uptime-kuma/releases/tag/1.23.16,github_release_exact:404:https://github.com/louislam/uptime-kuma/releases/tag/1.23.16-alpine | github_release_exact:200:https://github.com/louislam/uptime-kuma/releases/tag/1.23.16
V2rayA,keep,verified_github_release,v2.2.6.7,v2.2.6.7,mzz2017/v2raya:v2.2.6.7,https://github.com/v2rayA/v2rayA,v2.2.6.7,https://github.com/v2rayA/v2rayA/releases/tag/v2.2.6.7,v2.2.6.7=200; 2.2.6.7=404
Vaultwarden,keep,verified_github_release,1.32.7,1.32.7,vaultwarden/server:1.32.7,https://github.com/dani-garcia/vaultwarden,1.32.7,https://github.com/dani-garcia/vaultwarden/releases/tag/1.32.7,1.32.7=200; v1.32.7=404
VirtualMachineManager,blank,no_release_for_candidates,latest,latest,mber5/virt-manager:latest,https://github.com/m-bers/docker-virt-manager,,,latest=404
VoceChat,blank,no_release_for_candidates,v0.3.33,v0.3.33,privoce/vocechat-server:v0.3.33,https://github.com/Privoce/vocechat-server-rust,,,v0.3.33=404; 0.3.33=404
Wallabag,keep,verified_github_release,2.6.13,2.6.13,wallabag/wallabag:2.6.13,https://github.com/wallabag/wallabag,2.6.13,https://github.com/wallabag/wallabag/releases/tag/2.6.13,2.6.13=200; v2.6.13=404
WebDav,blank,no_release_for_candidates,amd64,amd64,ugeek/webdav:amd64,https://github.com/ugeek/docker-webdav,,,amd64=404
WeKnora,keep,verified_github_release,v0.2.14,v0.2.14,wechatopenai/weknora-ui:v0.2.14,https://github.com/Tencent/WeKnora,v0.2.14,https://github.com/Tencent/WeKnora/releases/tag/v0.2.14,v0.2.14=200; 0.2.14=404
WireGuardEasy,blank,no_release_for_candidates,13,13,ghcr.io/wg-easy/wg-easy:13,https://github.com/wg-easy/wg-easy,,,13=404; v13=404
Ztnet,keep,verified_github_release,0.7.5,0.7.5,sinamics/ztnet:0.7.5,https://github.com/sinamics/ztnet,v0.7.5,https://github.com/sinamics/ztnet/releases/tag/v0.7.5,0.7.5=404; v0.7.5=200
