app,compose_path,status,problem_category,fixed_this_run,blank_fields,main_image,metadata_version,updateAt,source_or_evidence,notes
2FAuth,Apps/2FAuth/docker-compose.yml,ok,,,,2fauth/2fauth:5.4.3,5.4.3,2024-11-27,local structural scan and link scan,非空 website/repo/support/docs 链接已参与全量网络复核
ActualBudget,Apps/ActualBudget/docker-compose.yml,fixed_this_run,outdated_image_tag,image/version/updateAt/releaseNotes 从 25.7.1 更新到 26.5.2,,actualbudget/actual-server:26.5.2,26.5.2,2026-05-08,https://github.com/actualbudget/actual/releases/tag/v26.5.2,
AdGuardHome,Apps/AdGuardHome/docker-compose.yml,ok,,,,adguard/adguardhome:v0.107.61,v0.107.61,2025-04-22,local structural scan and link scan,非空 website/repo/support/docs 链接已参与全量网络复核
Adminer,Apps/Adminer/docker-compose.yml,ok,,,,adminer:5.4.1,5.4.1,2025-09-26,local structural scan and link scan,非空 website/repo/support/docs 链接已参与全量网络复核
AlbyHub,Apps/AlbyHub/docker-compose.yml,ok,,,,ghcr.io/getalby/hub:v1.20.0,v1.20.0,2025-09-25,local structural scan and link scan,非空 website/repo/support/docs 链接已参与全量网络复核
Alist,Apps/Alist/docker-compose.yml,ok,,,,xhofe/alist:v3.40.0,v3.40.0,2024-11-22,local structural scan and link scan,非空 website/repo/support/docs 链接已参与全量网络复核
Alist-Sync,Apps/Alist-Sync/docker-compose.yml,ok_with_intentional_blank_fields,blank_link_fields_intentional,未改动；无可信官方来源时保留为空字符串,website,xjxjin/alist-sync:1.1.5,1.1.5,2025-03-15,local metadata policy and full link scan,非空 website/repo/support/docs 链接已参与全量网络复核
Anaconda3,Apps/Anaconda3/docker-compose.yml,ok,,,,continuumio/anaconda3:2024.10-1,2024.10-1,2024-10-31,local structural scan and link scan,非空 website/repo/support/docs 链接已参与全量网络复核
AnythingLLM,Apps/AnythingLLM/docker-compose.yml,ok,,,,mintplexlabs/anythingllm,latest,2024-08-19,local structural scan and link scan,非空 website/repo/support/docs 链接已参与全量网络复核
ArchiveBox,Apps/ArchiveBox/docker-compose.yml,ok,,,,archivebox/archivebox:0.7.3,0.7.3,2024-12-15,local structural scan and link scan,非空 website/repo/support/docs 链接已参与全量网络复核
Audiobookshelf,Apps/Audiobookshelf/docker-compose.yml,ok,,,,ghcr.io/advplyr/audiobookshelf:2.30.0,2.30.0,2025-10-08,local structural scan and link scan,非空 website/repo/support/docs 链接已参与全量网络复核
Autobrr,Apps/Autobrr/docker-compose.yml,ok,,,,ghcr.io/autobrr/autobrr:v1.69.0,v1.69.0,2025-11-10,local structural scan and link scan,非空 website/repo/support/docs 链接已参与全量网络复核
Bazarr,Apps/Bazarr/docker-compose.yml,fixed_this_run,version_image_mismatch_after_upstream_merge,version/updateAt/releaseNotes 对齐主镜像 linuxserver/bazarr:1.5.6,,linuxserver/bazarr:1.5.6,1.5.6,2026-02-26,https://github.com/morpheus65535/bazarr/releases/tag/v1.5.6,
BeaverHabitTracker,Apps/BeaverHabitTracker/docker-compose.yml,ok,,,,daya0576/beaverhabits:0.7.3,0.7.3,2025-10-12,local structural scan and link scan,非空 website/repo/support/docs 链接已参与全量网络复核
Blinko,Apps/Blinko/docker-compose.yml,fixed_this_run,null_support_after_upstream_merge,support 从 YAML null 规范化为空字符串,support,blinkospace/blinko:1.8.7,1.8.7,2026-04-12,local structural scan,
Calibre-web,Apps/Calibre-web/docker-compose.yml,ok_with_intentional_blank_fields,blank_link_fields_intentional,未改动；无可信官方来源时保留为空字符串,website,linuxserver/calibre-web:0.6.24,0.6.24,2024-11-16,local metadata policy and full link scan,非空 website/repo/support/docs 链接已参与全量网络复核
ChatbotUI,Apps/ChatbotUI/docker-compose.yml,ok,,,,ghcr.io/mckaywrigley/chatbot-ui:main,main,2023-07-26,local structural scan and link scan,非空 website/repo/support/docs 链接已参与全量网络复核
ChatGPT-Next-Web,Apps/ChatGPT-Next-Web/docker-compose.yml,ok,,,,yidadaa/chatgpt-next-web:v2.16.1,v2.16.1,2025-07-29,local structural scan and link scan,非空 website/repo/support/docs 链接已参与全量网络复核
CloudBeaver,Apps/CloudBeaver/docker-compose.yml,ok,,,,dbeaver/cloudbeaver:25.2.5,25.2.5,2025-11-12,local structural scan and link scan,非空 website/repo/support/docs 链接已参与全量网络复核
Cloudflared,Apps/Cloudflared/docker-compose.yml,ok,,,,wisdomsky/cloudflared-web:2025.2.1,2025.2.1,2025-05-30,local structural scan and link scan,非空 website/repo/support/docs 链接已参与全量网络复核
ConvertX,Apps/ConvertX/docker-compose.yml,ok_with_intentional_blank_fields,blank_link_fields_intentional,未改动；无可信官方来源时保留为空字符串,website,c4illin/convertx:v0.14.1,v0.14.1,2025-06-04,local metadata policy and full link scan,非空 website/repo/support/docs 链接已参与全量网络复核
CopyParty,Apps/CopyParty/docker-compose.yml,ok,,,,icewhaletech/copyparty:1.20.13,1.20.13,2026-03-23,local structural scan and link scan,非空 website/repo/support/docs 链接已参与全量网络复核
Crafty,Apps/Crafty/docker-compose.yml,ok_with_intentional_blank_fields,blank_link_fields_intentional,未改动；无可信官方来源时保留为空字符串,support,registry.gitlab.com/crafty-controller/crafty-4:4.4.11,4.4.11,2025-06-27,local metadata policy and full link scan,非空 website/repo/support/docs 链接已参与全量网络复核
Databag,Apps/Databag/docker-compose.yml,ok_with_intentional_blank_fields,blank_link_fields_intentional,未改动；无可信官方来源时保留为空字符串,website,balzack/databag:0.1.18,0.1.18,2025-11-28,local metadata policy and full link scan,非空 website/repo/support/docs 链接已参与全量网络复核
Ddns-go,Apps/Ddns-go/docker-compose.yml,ok_with_intentional_blank_fields,blank_link_fields_intentional,未改动；无可信官方来源时保留为空字符串,website,jeessy/ddns-go:v6.17.0,v6.17.0,2026-05-01,local metadata policy and full link scan,非空 website/repo/support/docs 链接已参与全量网络复核
DDNS-Updater,Apps/DDNS-Updater/docker-compose.yml,ok_with_intentional_blank_fields,blank_link_fields_intentional,未改动；无可信官方来源时保留为空字符串,website,qmcgaw/ddns-updater:v2.9.0,v2.9.0,2024-12-24,local metadata policy and full link scan,非空 website/repo/support/docs 链接已参与全量网络复核
DeepSeek-OCR_Nvidia,Apps/DeepSeek-OCR_Nvidia/docker-compose.yml,ok_with_intentional_blank_fields,blank_link_fields_intentional,未改动；无可信官方来源时保留为空字符串,website,icewhaletech/deepseek-ocr-frontend:v2.2.0,v2.2.0,2026-03-27,local metadata policy and full link scan,非空 website/repo/support/docs 链接已参与全量网络复核
Deluge,Apps/Deluge/docker-compose.yml,ok,,,,linuxserver/deluge:2.2.0,2.2.0,2025-04-28,local structural scan and link scan,非空 website/repo/support/docs 链接已参与全量网络复核
Dify,Apps/Dify/docker-compose.yml,ok,,,,langgenius/dify-web:0.12.1,0.12.1,2024-11-26,local structural scan and link scan,非空 website/repo/support/docs 链接已参与全量网络复核
Docmost,Apps/Docmost/docker-compose.yml,ok,,,,docmost/docmost:0.21.0,0.21.0,2025-06-18,local structural scan and link scan,非空 website/repo/support/docs 链接已参与全量网络复核
Downtify,Apps/Downtify/docker-compose.yml,ok,,,,ghcr.io/henriquesebastiao/downtify:2.6.0,2.6.0,2026-05-03,local structural scan and link scan,非空 website/repo/support/docs 链接已参与全量网络复核
DuckDNS,Apps/DuckDNS/docker-compose.yml,ok,,,,lscr.io/linuxserver/duckdns:latest,latest,2025-03-13,local structural scan and link scan,非空 website/repo/support/docs 链接已参与全量网络复核
Duplicati,Apps/Duplicati/docker-compose.yml,ok,,,,linuxserver/duplicati:2.1.0,2.1.0,2025-03-06,local structural scan and link scan,非空 website/repo/support/docs 链接已参与全量网络复核
Emby,Apps/Emby/docker-compose.yml,fixed_this_run,outdated_image_stale_repo_wrong_release_notes_appfile_mismatch,compose image/version/updateAt/releaseNotes 更新到 linuxserver/emby:4.9.3；repo 改为 linuxserver/docker-emby；appfile image/latest_update_date 同步,,linuxserver/emby:4.9.3,4.9.3,2026-01-08,https://github.com/MediaBrowser/Emby.Releases/releases/tag/4.9.3.0,
Emby_Nvidia,Apps/Emby_Nvidia/docker-compose.yml,fixed_this_run,outdated_image_stale_repo_wrong_release_notes,compose image/version/updateAt/releaseNotes 更新到 linuxserver/emby:4.9.3；repo 改为 linuxserver/docker-emby,,linuxserver/emby:4.9.3,4.9.3,2026-01-08,https://github.com/linuxserver/docker-emby/releases/tag/4.9.3.0-ls279,
Embystat,Apps/Embystat/docker-compose.yml,ok_with_intentional_blank_fields,blank_link_fields_intentional,未改动；无可信官方来源时保留为空字符串,website,linuxserver/embystat:0.2.0,0.2.0,2023-11-27,local metadata policy and full link scan,非空 website/repo/support/docs 链接已参与全量网络复核
EmulatorJS,Apps/EmulatorJS/docker-compose.yml,ok,,,,linuxserver/emulatorjs:1.9.2,1.9.2,2024-09-12,local structural scan and link scan,非空 website/repo/support/docs 链接已参与全量网络复核
ESPHome,Apps/ESPHome/docker-compose.yml,ok,,,,ghcr.io/esphome/esphome:2025.11.0,2025.11.0,2025-11-19,local structural scan and link scan,非空 website/repo/support/docs 链接已参与全量网络复核
Excalidraw,Apps/Excalidraw/docker-compose.yml,ok,,,,excalidraw/excalidraw:latest,latest,2025-08-06,local structural scan and link scan,非空 website/repo/support/docs 链接已参与全量网络复核
Filedrop,Apps/Filedrop/docker-compose.yml,ok_with_intentional_blank_fields,blank_link_fields_intentional,未改动；无可信官方来源时保留为空字符串,"website,repo,support,docs",noecl/filedrop:1.0.1,1.0.1,2024-01-25,local metadata policy and full link scan,非空 website/repo/support/docs 链接已参与全量网络复核
FileFlows,Apps/FileFlows/docker-compose.yml,ok_with_intentional_blank_fields,blank_link_fields_intentional,未改动；无可信官方来源时保留为空字符串,repo,revenz/fileflows:stable,stable,2024-12-18,local metadata policy and full link scan,非空 website/repo/support/docs 链接已参与全量网络复核
Firefly,Apps/Firefly/docker-compose.yml,ok,,,,uusec/firefly:latest,latest,2024-06-11,local structural scan and link scan,非空 website/repo/support/docs 链接已参与全量网络复核
FlareSolverr,Apps/FlareSolverr/docker-compose.yml,ok_with_intentional_blank_fields,blank_link_fields_intentional,未改动；无可信官方来源时保留为空字符串,website,ghcr.io/flaresolverr/flaresolverr:v3.4.5,v3.4.5,2025-11-11,local metadata policy and full link scan,非空 website/repo/support/docs 链接已参与全量网络复核
FlowiseAi,Apps/FlowiseAi/docker-compose.yml,ok,,,,flowiseai/flowise:3.0.11,3.0.11,2025-11-16,local structural scan and link scan,非空 website/repo/support/docs 链接已参与全量网络复核
FreshRSS,Apps/FreshRSS/docker-compose.yml,ok,,,,freshrss/freshrss:1.27.1,1.27.1,2025-09-27,local structural scan and link scan,非空 website/repo/support/docs 链接已参与全量网络复核
Gateway-go,Apps/Gateway-go/docker-compose.yml,ok_with_intentional_blank_fields,blank_link_fields_intentional,未改动；无可信官方来源时保留为空字符串,website,openiothub/gateway-go:v2.0.11,v2.0.11,2025-07-30,local metadata policy and full link scan,非空 website/repo/support/docs 链接已参与全量网络复核
Gitea,Apps/Gitea/docker-compose.yml,ok,,,,gitea/gitea:1.25,1.25,2025-10-29,local structural scan and link scan,非空 website/repo/support/docs 链接已参与全量网络复核
Glances,Apps/Glances/docker-compose.yml,ok,,,,nicolargo/glances:4.4.1,4.4.1,2025-11-05,local structural scan and link scan,非空 website/repo/support/docs 链接已参与全量网络复核
Gopeed,Apps/Gopeed/docker-compose.yml,ok,,,,liwei2633/gopeed:v1.8.3,v1.8.3,2025-11-30,local structural scan and link scan,非空 website/repo/support/docs 链接已参与全量网络复核
Grafana,Apps/Grafana/docker-compose.yml,ok,,,,grafana/grafana:12.1.4,12.1.4,2025-11-19,local structural scan and link scan,非空 website/repo/support/docs 链接已参与全量网络复核
Handbrake,Apps/Handbrake/docker-compose.yml,ok,,,,jlesage/handbrake:v25.10.1,v25.10.1,2025-10-14,local structural scan and link scan,非空 website/repo/support/docs 链接已参与全量网络复核
HermesAgent,Apps/HermesAgent/docker-compose.yml,ok,,,,nousresearch/hermes-agent:latest,latest,2026-04-30,local structural scan and link scan,非空 website/repo/support/docs 链接已参与全量网络复核
HoloPlay,Apps/HoloPlay/docker-compose.yml,ok_with_intentional_blank_fields,blank_link_fields_intentional,未改动；无可信官方来源时保留为空字符串,website,spout8301/holoplay:1.12.3,1.12.3,2025-03-18,local metadata policy and full link scan,非空 website/repo/support/docs 链接已参与全量网络复核
HomeAssistant,Apps/HomeAssistant/docker-compose.yml,ok,,,,homeassistant/home-assistant:2025.11,2025.11,2025-11-05,local structural scan and link scan,非空 website/repo/support/docs 链接已参与全量网络复核
Homebridge,Apps/Homebridge/docker-compose.yml,ok,,,,homebridge/homebridge:latest,latest,2026-03-29,local structural scan and link scan,非空 website/repo/support/docs 链接已参与全量网络复核
Hugo,Apps/Hugo/docker-compose.yml,ok,,,,ghcr.io/gohugoio/hugo:v0.152.2,v0.152.2,2025-10-24,local structural scan and link scan,非空 website/repo/support/docs 链接已参与全量网络复核
Immich,Apps/Immich/docker-compose.yml,ok,,,,ghcr.io/immich-app/immich-server:v2.7.2,v2.7.2,2026-04-07,local structural scan and link scan,非空 website/repo/support/docs 链接已参与全量网络复核
Index-TTS,Apps/Index-TTS/docker-compose.yml,ok_with_intentional_blank_fields,blank_link_fields_intentional,未改动；无可信官方来源时保留为空字符串,website,icewhaletech/index-tts:2.0,2.0,2026-01-08,local metadata policy and full link scan,非空 website/repo/support/docs 链接已参与全量网络复核
Index-TTS_Nvidia,Apps/Index-TTS_Nvidia/docker-compose.yml,ok_with_intentional_blank_fields,blank_link_fields_intentional,未改动；无可信官方来源时保留为空字符串,website,icewhaletech/index-tts:2.0,2.0,2026-01-08,local metadata policy and full link scan,非空 website/repo/support/docs 链接已参与全量网络复核
Jackett,Apps/Jackett/docker-compose.yml,fixed_this_run,version_image_mismatch_after_upstream_merge,version/updateAt/releaseNotes 对齐主镜像 linuxserver/jackett:0.24.1841,website,linuxserver/jackett:0.24.1841,0.24.1841,2026-05-11,https://github.com/Jackett/Jackett/releases/tag/v0.24.1841,
JDownloader2,Apps/JDownloader2/docker-compose.yml,ok_with_intentional_blank_fields,blank_link_fields_intentional,未改动；无可信官方来源时保留为空字符串,"website,repo",jlesage/jdownloader-2:latest,latest,2024-01-25,local metadata policy and full link scan,非空 website/repo/support/docs 链接已参与全量网络复核
Jellyfin,Apps/Jellyfin/docker-compose.yml,ok,,,,linuxserver/jellyfin:10.10.7,10.10.7,2025-04-05,local structural scan and link scan,非空 website/repo/support/docs 链接已参与全量网络复核
Jellyfin_Nvidia,Apps/Jellyfin_Nvidia/docker-compose.yml,ok,,,,linuxserver/jellyfin:10.10.6,10.10.6,2025-02-16,local structural scan and link scan,非空 website/repo/support/docs 链接已参与全量网络复核
Jellyseerr,Apps/Jellyseerr/docker-compose.yml,ok,,,,fallenbagel/jellyseerr:2.7.3,2.7.3,2025-08-14,local structural scan and link scan,非空 website/repo/support/docs 链接已参与全量网络复核
Jenkin,Apps/Jenkin/docker-compose.yml,ok,,,,jenkins/jenkins:lts-jdk17,lts-jdk17,2024-10-24,local structural scan and link scan,非空 website/repo/support/docs 链接已参与全量网络复核
Kavita,Apps/Kavita/docker-compose.yml,ok,,,,jvmilazz0/kavita:0.8.8,0.8.8,2025-10-20,local structural scan and link scan,非空 website/repo/support/docs 链接已参与全量网络复核
Komga,Apps/Komga/docker-compose.yml,ok,,,,gotson/komga:1.23.6,1.23.6,2025-11-28,local structural scan and link scan,非空 website/repo/support/docs 链接已参与全量网络复核
LabelStudio,Apps/LabelStudio/docker-compose.yml,ok,,,,heartexlabs/label-studio:1.9.2,1.9.2,2023-11-07,local structural scan and link scan,非空 website/repo/support/docs 链接已参与全量网络复核
LangFlow,Apps/LangFlow/docker-compose.yml,ok,,,,langflowai/langflow:1.5.0,1.5.0,2025-07-08,local structural scan and link scan,非空 website/repo/support/docs 链接已参与全量网络复核
Lazylibrarian,Apps/Lazylibrarian/docker-compose.yml,ok,,,,linuxserver/lazylibrarian:version-169e669f,version-169e669f,2025-12-03,local structural scan and link scan,非空 website/repo/support/docs 链接已参与全量网络复核
LibreChat,Apps/LibreChat/docker-compose.yml,ok,,,,ghcr.io/danny-avila/librechat-dev:latest,latest,2026-04-20,local structural scan and link scan,非空 website/repo/support/docs 链接已参与全量网络复核
Lidarr,Apps/Lidarr/docker-compose.yml,ok,,,,linuxserver/lidarr:3.1.0,3.1.0,2025-12-03,local structural scan and link scan,非空 website/repo/support/docs 链接已参与全量网络复核
Linkwarden,Apps/Linkwarden/docker-compose.yml,fixed_this_run,null_support_after_upstream_merge,support 从 YAML null 规范化为空字符串,support,ghcr.io/linkwarden/linkwarden:v2.14.1,v2.14.1,2026-04-22,local structural scan,
LLaMA-Factory_Nvidia,Apps/LLaMA-Factory_Nvidia/docker-compose.yml,ok,,,,hiyouga/llamafactory:0.9.4,0.9.4,2025-12-31,local structural scan and link scan,非空 website/repo/support/docs 链接已参与全量网络复核
Logseq,Apps/Logseq/docker-compose.yml,ok,,,,correctroad/logseq:v0.10.10,v0.10.10,2025-05-06,local structural scan and link scan,非空 website/repo/support/docs 链接已参与全量网络复核
Lucky,Apps/Lucky/docker-compose.yml,ok,,,,gdy666/lucky:2.20.2,2.20.2,2025-11-20,local structural scan and link scan,非空 website/repo/support/docs 链接已参与全量网络复核
LyrionMusicServer,Apps/LyrionMusicServer/docker-compose.yml,ok_with_intentional_blank_fields,blank_link_fields_intentional,未改动；无可信官方来源时保留为空字符串,support,lmscommunity/lyrionmusicserver:9.1.0,9.1.0,2026-02-19,local metadata policy and full link scan,非空 website/repo/support/docs 链接已参与全量网络复核
MariaDB,Apps/MariaDB/docker-compose.yml,ok,,,,linuxserver/mariadb:11.4.8,11.4.8,2025-08-06,local structural scan and link scan,非空 website/repo/support/docs 链接已参与全量网络复核
Maybe,Apps/Maybe/docker-compose.yml,ok_with_intentional_blank_fields,blank_link_fields_intentional,未改动；无可信官方来源时保留为空字符串,website,ghcr.io/maybe-finance/maybe:latest,latest,2025-09-04,local metadata policy and full link scan,非空 website/repo/support/docs 链接已参与全量网络复核
Medusa,Apps/Medusa/docker-compose.yml,ok_with_intentional_blank_fields,blank_link_fields_intentional,未改动；无可信官方来源时保留为空字符串,website,pymedusa/medusa:master,master,2024-03-26,local metadata policy and full link scan,非空 website/repo/support/docs 链接已参与全量网络复核
Memos,Apps/Memos/docker-compose.yml,ok,,,,neosmemo/memos:0.25,0.25,2025-07-16,local structural scan and link scan,非空 website/repo/support/docs 链接已参与全量网络复核
MineOS,Apps/MineOS/docker-compose.yml,ok,,,,hexparrot/mineos:latest,latest,2023-11-27,local structural scan and link scan,非空 website/repo/support/docs 链接已参与全量网络复核
Mongo,Apps/Mongo/docker-compose.yml,ok,,,,mongo:8.2.2,8.2.2,2025-12-05,local structural scan and link scan,非空 website/repo/support/docs 链接已参与全量网络复核
MongoDB4,Apps/MongoDB4/docker-compose.yml,ok,,,,mongo:4.4.22,4.4.22,2024-01-25,local structural scan and link scan,非空 website/repo/support/docs 链接已参与全量网络复核
Monica,Apps/Monica/docker-compose.yml,ok,,,,monica:4.1.2,4.1.2,2024-05-04,local structural scan and link scan,非空 website/repo/support/docs 链接已参与全量网络复核
Motioneye,Apps/Motioneye/docker-compose.yml,ok_with_intentional_blank_fields,blank_link_fields_intentional,未改动；无可信官方来源时保留为空字符串,website,ccrisan/motioneye:master-amd64,master-amd64,2024-01-25,local metadata policy and full link scan,非空 website/repo/support/docs 链接已参与全量网络复核
Mylar3,Apps/Mylar3/docker-compose.yml,ok_with_intentional_blank_fields,blank_link_fields_intentional,未改动；无可信官方来源时保留为空字符串,website,linuxserver/mylar3:0.8.3,0.8.3,2025-08-17,local metadata policy and full link scan,非空 website/repo/support/docs 链接已参与全量网络复核
MySpeed,Apps/MySpeed/docker-compose.yml,ok,,,,germannewsmaker/myspeed:1.0.9,1.0.9,2024-05-21,local structural scan and link scan,非空 website/repo/support/docs 链接已参与全量网络复核
N8n,Apps/N8n/docker-compose.yml,ok,,,,n8nio/n8n:1.123.0,1.123.0,2025-12-01,local structural scan and link scan,非空 website/repo/support/docs 链接已参与全量网络复核
Navidrome,Apps/Navidrome/docker-compose.yml,ok,,,,deluan/navidrome:0.58.5,0.58.5,2025-11-09,local structural scan and link scan,非空 website/repo/support/docs 链接已参与全量网络复核
NetBird,Apps/NetBird/docker-compose.yml,ok,,,,netbirdio/netbird:0.62.3,0.62.3,2026-01-12,local structural scan and link scan,非空 website/repo/support/docs 链接已参与全量网络复核
Netdata,Apps/Netdata/docker-compose.yml,ok,,,,netdata/netdata:v2.8.1,v2.8.1,2025-11-21,local structural scan and link scan,非空 website/repo/support/docs 链接已参与全量网络复核
Nextcloud,Apps/Nextcloud/docker-compose.yml,ok,,,,nextcloud:32.0,32.0,2025-09-27,local structural scan and link scan,非空 website/repo/support/docs 链接已参与全量网络复核
NginxProxyManager,Apps/NginxProxyManager/docker-compose.yml,ok,,,,jc21/nginx-proxy-manager:2.13.5,2.13.5,2025-11-18,local structural scan and link scan,非空 website/repo/support/docs 链接已参与全量网络复核
Node-RED,Apps/Node-RED/docker-compose.yml,ok,,,,nodered/node-red:4.1.2,4.1.2,2025-12-03,local structural scan and link scan,非空 website/repo/support/docs 链接已参与全量网络复核
Nzbget,Apps/Nzbget/docker-compose.yml,ok,,,,linuxserver/nzbget:25.4.20251205,25.4.20251205,2025-12-29,local structural scan and link scan,非空 website/repo/support/docs 链接已参与全量网络复核
Obsidian,Apps/Obsidian/docker-compose.yml,ok,,,,lscr.io/linuxserver/obsidian:1.8.10,1.8.10,2025-04-22,local structural scan and link scan,非空 website/repo/support/docs 链接已参与全量网络复核
Ollama,Apps/Ollama/docker-compose.yml,ok,,,,ollama/ollama:0.9.5,0.9.5,2025-07-02,local structural scan and link scan,非空 website/repo/support/docs 链接已参与全量网络复核
Ollama_Nvidia,Apps/Ollama_Nvidia/docker-compose.yml,ok,,,,ollama/ollama:0.9.5,0.9.5,2025-07-02,local structural scan and link scan,非空 website/repo/support/docs 链接已参与全量网络复核
Ombi,Apps/Ombi/docker-compose.yml,ok,,,,linuxserver/ombi:4.47.1,4.47.1,2025-01-05,local structural scan and link scan,非空 website/repo/support/docs 链接已参与全量网络复核
OpenClaw,Apps/OpenClaw/docker-compose.yml,fixed_this_run,version_image_mismatch_after_upstream_merge,version/updateAt/releaseNotes 对齐主镜像 icewhaletech/openclaw:2026.5.7,,icewhaletech/openclaw:2026.5.7,2026.5.7,2026-05-07,https://github.com/openclaw/openclaw/releases/tag/v2026.5.7,
OpenHAB,Apps/OpenHAB/docker-compose.yml,ok,,,,openhab/openhab:4.3.3,4.3.3,2025-02-20,local structural scan and link scan,非空 website/repo/support/docs 链接已参与全量网络复核
OpenHands,Apps/OpenHands/docker-compose.yml,ok,,,,ghcr.io/all-hands-ai/openhands:0.59,0.59,2025-10-10,local structural scan and link scan,非空 website/repo/support/docs 链接已参与全量网络复核
OpenSpeedTest,Apps/OpenSpeedTest/docker-compose.yml,ok_with_intentional_blank_fields,blank_link_fields_intentional,未改动；无可信官方来源时保留为空字符串,website,openspeedtest/latest:v2.0.6,v2.0.6,2025-03-18,local metadata policy and full link scan,非空 website/repo/support/docs 链接已参与全量网络复核
OpenWebUI,Apps/OpenWebUI/docker-compose.yml,ok,,,,ghcr.io/open-webui/open-webui:ollama,ollama,2025-07-11,local structural scan and link scan,非空 website/repo/support/docs 链接已参与全量网络复核
oPodSync,Apps/oPodSync/docker-compose.yml,ok,,,,ganeshlab/opodsync:latest,latest,2025-12-19,local structural scan and link scan,非空 website/repo/support/docs 链接已参与全量网络复核
Overseerr,Apps/Overseerr/docker-compose.yml,ok,,,,linuxserver/overseerr:1.33.2,1.33.2,2023-07-28,local structural scan and link scan,非空 website/repo/support/docs 链接已参与全量网络复核
PdfDing,Apps/PdfDing/docker-compose.yml,ok,,,,mrmn/pdfding:v1.3.1,v1.3.1,2025-04-04,local structural scan and link scan,非空 website/repo/support/docs 链接已参与全量网络复核
Peanut,Apps/Peanut/docker-compose.yml,ok_with_intentional_blank_fields,blank_link_fields_intentional,未改动；无可信官方来源时保留为空字符串,website,brandawg93/peanut:5.19.1,5.19.1,2025-12-05,local metadata policy and full link scan,非空 website/repo/support/docs 链接已参与全量网络复核
Petio,Apps/Petio/docker-compose.yml,ok,,,,ghcr.io/petio-team/petio@sha256:1c5a9276a844f4284601cbe332905864950545ebdeaad74bacb9097ea4f4b333,sha256:1c5a9276a844f4284601cbe332905864950545ebdeaad74bacb9097ea4f4b333,2023-07-26,local structural scan and link scan,非空 website/repo/support/docs 链接已参与全量网络复核
PhotoPrism,Apps/PhotoPrism/docker-compose.yml,ok,,,,photoprism/photoprism:250228,250228,2025-03-18,local structural scan and link scan,非空 website/repo/support/docs 链接已参与全量网络复核
Pihole,Apps/Pihole/docker-compose.yml,ok,,,,pihole/pihole:2025.11.1,2025.11.1,2025-12-23,local structural scan and link scan,非空 website/repo/support/docs 链接已参与全量网络复核
Pinchflat,Apps/Pinchflat/docker-compose.yml,ok_with_intentional_blank_fields,blank_link_fields_intentional,未改动；无可信官方来源时保留为空字符串,website,ghcr.io/kieraneglin/pinchflat:latest,latest,2025-06-19,local metadata policy and full link scan,非空 website/repo/support/docs 链接已参与全量网络复核
Pingvin-Share,Apps/Pingvin-Share/docker-compose.yml,ok,,,,stonith404/pingvin-share,latest,2026-01-05,local structural scan and link scan,非空 website/repo/support/docs 链接已参与全量网络复核
playit-agent,Apps/playit-agent/docker-compose.yml,ok,,,,ghcr.io/mafen/playit-docker:latest,latest,2024-12-18,local structural scan and link scan,非空 website/repo/support/docs 链接已参与全量网络复核
Plex,Apps/Plex/docker-compose.yml,fixed_this_run,outdated_image_tag_and_appfile_mismatch,compose image/version/updateAt/releaseNotes 更新到 lscr.io/linuxserver/plex:1.43.1；appfile image/latest_update_date 同步,,lscr.io/linuxserver/plex:1.43.1,1.43.1,2026-04-09,https://plex.tv/api/downloads/5.json,
Plex_Nvidia,Apps/Plex_Nvidia/docker-compose.yml,fixed_this_run,outdated_image_tag_and_bad_updateAt,compose image/version/updateAt/releaseNotes 更新到 lscr.io/linuxserver/plex:1.43.1，并与标准 Plex 条目统一 updateAt,,lscr.io/linuxserver/plex:1.43.1,1.43.1,2026-04-09,https://github.com/linuxserver/docker-plex/releases/tag/1.43.1.10611-1e34174b1-ls305,
PocketBase,Apps/PocketBase/docker-compose.yml,ok,,,,argonptg/pocketbase:0.25.9,0.25.9,2025-03-05,local structural scan and link scan,非空 website/repo/support/docs 链接已参与全量网络复核
Portainer,Apps/Portainer/docker-compose.yml,ok,,,,portainer/portainer-ce:2.31.3,2.31.3,2025-07-03,local structural scan and link scan,非空 website/repo/support/docs 链接已参与全量网络复核
PostgreSQL,Apps/PostgreSQL/docker-compose.yml,ok,,,,postgres:17.4,17.4,2025-03-18,local structural scan and link scan,非空 website/repo/support/docs 链接已参与全量网络复核
Prowlarr,Apps/Prowlarr/docker-compose.yml,fixed_this_run,version_image_mismatch_after_upstream_merge,version/updateAt/releaseNotes 对齐主镜像 linuxserver/prowlarr:2.3.5,,linuxserver/prowlarr:2.3.5,2.3.5,2026-04-04,https://github.com/Prowlarr/Prowlarr/releases/tag/v2.3.5.5327,
PsiTransfer,Apps/PsiTransfer/docker-compose.yml,merge_resolved,merge_conflict,合并冲突已解决；保留本地 version/updateAt/releaseNotes/repo/support/docs，接受 upstream 对 port target 的字符串化。,website,psitrax/psitransfer:v2.4.1,v2.4.1,2026-02-14,git merge upstream/main,
PyLoad,Apps/PyLoad/docker-compose.yml,ok,,,,linuxserver/pyload-ng:0.5.0,0.5.0,2024-01-25,local structural scan and link scan,非空 website/repo/support/docs 链接已参与全量网络复核
qBittorrent,Apps/qBittorrent/docker-compose.yml,ok,,,,ghcr.io/hotio/qbittorrent:release-5.0.4,release-5.0.4,2025-02-18,local structural scan and link scan,非空 website/repo/support/docs 链接已参与全量网络复核
Radarr,Apps/Radarr/docker-compose.yml,fixed_this_run,version_image_mismatch_after_upstream_merge,version/updateAt/releaseNotes 对齐主镜像 linuxserver/radarr:6.1.1,,linuxserver/radarr:6.1.1,6.1.1,2026-03-26,https://github.com/Radarr/Radarr/releases/tag/v6.1.1.10360,
RagFlow,Apps/RagFlow/docker-compose.yml,ok,,,,icewhaletech/ragflow:v0.21.1,v0.21.1,2025-10-23,local structural scan and link scan,非空 website/repo/support/docs 链接已参与全量网络复核
RDTClient,Apps/RDTClient/docker-compose.yml,ok_with_intentional_blank_fields,blank_link_fields_intentional,未改动；无可信官方来源时保留为空字符串,website,rogerfar/rdtclient:2,2,2024-06-11,local metadata policy and full link scan,非空 website/repo/support/docs 链接已参与全量网络复核
Readarr,Apps/Readarr/docker-compose.yml,ok,,,,linuxserver/readarr:0.3.10-develop,0.3.10-develop,2023-12-05,local structural scan and link scan,非空 website/repo/support/docs 链接已参与全量网络复核
Resilio-sync,Apps/Resilio-sync/docker-compose.yml,ok,,,,linuxserver/resilio-sync:2.7.3,2.7.3,2024-06-14,local structural scan and link scan,非空 website/repo/support/docs 链接已参与全量网络复核
RetroArch,Apps/RetroArch/docker-compose.yml,ok,,,,inglebard/retroarch-web:latest,latest,2025-08-06,local structural scan and link scan,非空 website/repo/support/docs 链接已参与全量网络复核
RomM,Apps/RomM/docker-compose.yml,ok,,,,rommapp/romm:4.0.1,4.0.1,2025-07-26,local structural scan and link scan,非空 website/repo/support/docs 链接已参与全量网络复核
Sabnzbd,Apps/Sabnzbd/docker-compose.yml,ok,,,,linuxserver/sabnzbd:4.1.0,4.1.0,2023-09-26,local structural scan and link scan,非空 website/repo/support/docs 链接已参与全量网络复核
Sickchill,Apps/Sickchill/docker-compose.yml,ok,,,,linuxserver/sickchill:2023.6.27,2023.6.27,2023-06-28,local structural scan and link scan,非空 website/repo/support/docs 链接已参与全量网络复核
Siyuan-Note,Apps/Siyuan-Note/docker-compose.yml,ok,,,,b3log/siyuan:v3.0.1,v3.0.1,2024-02-27,local structural scan and link scan,非空 website/repo/support/docs 链接已参与全量网络复核
Smokeping,Apps/Smokeping/docker-compose.yml,ok,,,,linuxserver/smokeping:2.8.2,2.8.2,2021-08-10,local structural scan and link scan,非空 website/repo/support/docs 链接已参与全量网络复核
Snapdrop,Apps/Snapdrop/docker-compose.yml,ok,,,,linuxserver/snapdrop:version-eac78009,version-eac78009,2023-11-27,local structural scan and link scan,非空 website/repo/support/docs 链接已参与全量网络复核
Sonarr,Apps/Sonarr/docker-compose.yml,fixed_this_run,version_image_mismatch_after_upstream_merge,version/updateAt/releaseNotes 对齐主镜像 linuxserver/sonarr:4.0.17,,linuxserver/sonarr:4.0.17,4.0.17,2026-05-04,https://github.com/Sonarr/Sonarr/releases/tag/v4.0.17.2967,
StableDiffusionWebUI,Apps/StableDiffusionWebUI/docker-compose.yml,ok_with_intentional_blank_fields,blank_link_fields_intentional,未改动；无可信官方来源时保留为空字符串,website,johnguan/stable-diffusion-webui:latest,latest,2024-03-11,local metadata policy and full link scan,非空 website/repo/support/docs 链接已参与全量网络复核
Stremio,Apps/Stremio/docker-compose.yml,ok,,,,tsaridas/stremio-docker:v1.2.5,v1.2.5,2025-10-19,local structural scan and link scan,非空 website/repo/support/docs 链接已参与全量网络复核
Sure,Apps/Sure/docker-compose.yml,ok,,,,ghcr.io/we-promise/sure:0.6.5-hotfix.1,0.6.5-hotfix.1,2025-12-03,local structural scan and link scan,非空 website/repo/support/docs 链接已参与全量网络复核
SwingMusic,Apps/SwingMusic/docker-compose.yml,ok,,,,ghcr.io/swingmx/swingmusic:v1.4.8,v1.4.8,2024-02-26,local structural scan and link scan,非空 website/repo/support/docs 链接已参与全量网络复核
Syncthing,Apps/Syncthing/docker-compose.yml,ok,,,,linuxserver/syncthing:1.29.7,1.29.7,2025-06-02,local structural scan and link scan,非空 website/repo/support/docs 链接已参与全量网络复核
Tailscale,Apps/Tailscale/docker-compose.yml,ok,,,,tailscale/tailscale:v1.90.8,v1.90.8,2025-11-19,local structural scan and link scan,非空 website/repo/support/docs 链接已参与全量网络复核
TaskingAI,Apps/TaskingAI/docker-compose.yml,ok,,,,taskingai/taskingai-console:v0.3.0,v0.3.0,2024-06-03,local structural scan and link scan,非空 website/repo/support/docs 链接已参与全量网络复核
Tautulli,Apps/Tautulli/docker-compose.yml,ok,,,,linuxserver/tautulli:2.13.2,2.13.2,2023-10-26,local structural scan and link scan,非空 website/repo/support/docs 链接已参与全量网络复核
Teable,Apps/Teable/docker-compose.yml,ok,,,,teableio/teable:latest,latest,2026-01-14,local structural scan and link scan,非空 website/repo/support/docs 链接已参与全量网络复核
Threadfin,Apps/Threadfin/docker-compose.yml,ok_with_intentional_blank_fields,blank_link_fields_intentional,未改动；无可信官方来源时保留为空字符串,website,fyb3roptik/threadfin:latest,latest,2024-01-25,local metadata policy and full link scan,非空 website/repo/support/docs 链接已参与全量网络复核
Transmission,Apps/Transmission/docker-compose.yml,ok,,,,linuxserver/transmission:4.0.4,4.0.4,2023-08-28,local structural scan and link scan,非空 website/repo/support/docs 链接已参与全量网络复核
Trilium,Apps/Trilium/docker-compose.yml,ok,,,,triliumnext/trilium:v0.99.3,v0.99.3,2025-10-22,local structural scan and link scan,非空 website/repo/support/docs 链接已参与全量网络复核
TurboDiffusion_Nvidia,Apps/TurboDiffusion_Nvidia/docker-compose.yml,ok_with_intentional_blank_fields,blank_link_fields_intentional,未改动；无可信官方来源时保留为空字符串,website,icewhaletech/turbodiffusion:20260312,20260312,2026-04-04,local metadata policy and full link scan,非空 website/repo/support/docs 链接已参与全量网络复核
Twingate,Apps/Twingate/docker-compose.yml,ok_with_intentional_blank_fields,blank_link_fields_intentional,未改动；无可信官方来源时保留为空字符串,repo,twingate/connector:1,1,2024-01-26,local metadata policy and full link scan,非空 website/repo/support/docs 链接已参与全量网络复核
Unifi-controller,Apps/Unifi-controller/docker-compose.yml,ok,,,,linuxserver/unifi-controller:8.0.7,8.0.7,2024-02-20,local structural scan and link scan,非空 website/repo/support/docs 链接已参与全量网络复核
Unifi-Network-Application,Apps/Unifi-Network-Application/docker-compose.yml,ok,,,,lscr.io/linuxserver/unifi-network-application:latest,latest,2024-01-29,local structural scan and link scan,非空 website/repo/support/docs 链接已参与全量网络复核
UptimeKuma,Apps/UptimeKuma/docker-compose.yml,ok,,,,louislam/uptime-kuma:1.23.16-alpine,1.23.16-alpine,2025-07-08,local structural scan and link scan,非空 website/repo/support/docs 链接已参与全量网络复核
V2rayA,Apps/V2rayA/docker-compose.yml,ok,,,,mzz2017/v2raya:v2.2.6.7,v2.2.6.7,2025-03-27,local structural scan and link scan,非空 website/repo/support/docs 链接已参与全量网络复核
Vaultwarden,Apps/Vaultwarden/docker-compose.yml,ok,,,,vaultwarden/server:1.32.7,1.32.7,2024-12-20,local structural scan and link scan,非空 website/repo/support/docs 链接已参与全量网络复核
VirtualMachineManager,Apps/VirtualMachineManager/docker-compose.yml,ok,,,,mber5/virt-manager:latest,latest,2024-05-28,local structural scan and link scan,非空 website/repo/support/docs 链接已参与全量网络复核
VoceChat,Apps/VoceChat/docker-compose.yml,ok,,,,privoce/vocechat-server:v0.3.33,v0.3.33,2025-05-28,local structural scan and link scan,非空 website/repo/support/docs 链接已参与全量网络复核
Wallabag,Apps/Wallabag/docker-compose.yml,ok,,,,wallabag/wallabag:2.6.13,2.6.13,2025-06-04,local structural scan and link scan,非空 website/repo/support/docs 链接已参与全量网络复核
WebDav,Apps/WebDav/docker-compose.yml,ok_with_intentional_blank_fields,blank_link_fields_intentional,未改动；无可信官方来源时保留为空字符串,website,ugeek/webdav:amd64,amd64,2025-03-05,local metadata policy and full link scan,非空 website/repo/support/docs 链接已参与全量网络复核
WeKnora,Apps/WeKnora/docker-compose.yml,ok,,,,wechatopenai/weknora-ui:v0.2.14,v0.2.14,2026-01-30,local structural scan and link scan,非空 website/repo/support/docs 链接已参与全量网络复核
WireGuardEasy,Apps/WireGuardEasy/docker-compose.yml,ok_with_intentional_blank_fields,blank_link_fields_intentional,未改动；无可信官方来源时保留为空字符串,website,ghcr.io/wg-easy/wg-easy:13,13,2024-05-20,local metadata policy and full link scan,非空 website/repo/support/docs 链接已参与全量网络复核
Ztnet,Apps/Ztnet/docker-compose.yml,ok,,,,sinamics/ztnet:0.7.5,0.7.5,2025-06-05,local structural scan and link scan,非空 website/repo/support/docs 链接已参与全量网络复核
