app,upstream_main_compose,local_compose,upstream_main_image,local_image,image_exact_match,image_normalized_match,upstream_tag,local_version,version_matches_upstream_tag,updateAt,releaseNotes_present,appfile_status,result,issues
2FAuth,Apps/2FAuth/docker-compose.yml,Apps/2FAuth/docker-compose.yml,2fauth/2fauth:5.4.3,2fauth/2fauth:5.4.3,yes,yes,5.4.3,5.4.3,yes,2024-11-27,true,ok,ok,
ActualBudget,Apps/ActualBudget/docker-compose.yml,Apps/ActualBudget/docker-compose.yml,actualbudget/actual-server:25.7.1,actualbudget/actual-server:25.7.1,yes,yes,25.7.1,25.7.1,yes,2025-07-03,true,not_present,ok,
AdGuardHome,Apps/AdGuardHome/docker-compose.yml,Apps/AdGuardHome/docker-compose.yml,adguard/adguardhome:v0.107.61,adguard/adguardhome:v0.107.61,yes,yes,v0.107.61,v0.107.61,yes,2025-04-22,true,ok,ok,
Adminer,Apps/Adminer/docker-compose.yml,Apps/Adminer/docker-compose.yml,adminer:5.4.1,adminer:5.4.1,yes,yes,5.4.1,5.4.1,yes,2025-09-26,true,not_present,ok,
AlbyHub,Apps/AlbyHub/docker-compose.yml,Apps/AlbyHub/docker-compose.yml,ghcr.io/getalby/hub:v1.20.0,ghcr.io/getalby/hub:v1.20.0,yes,yes,v1.20.0,v1.20.0,yes,2025-09-25,true,not_present,ok,
Alist,Apps/Alist/docker-compose.yml,Apps/Alist/docker-compose.yml,xhofe/alist:v3.40.0,xhofe/alist:v3.40.0,yes,yes,v3.40.0,v3.40.0,yes,2024-11-22,true,not_present,ok,
Alist-Sync,Apps/Alist-Sync/docker-compose.yml,Apps/Alist-Sync/docker-compose.yml,xjxjin/alist-sync:1.1.5,xjxjin/alist-sync:1.1.5,yes,yes,1.1.5,1.1.5,yes,2025-03-15,true,not_present,ok,
Anaconda3,Apps/Anaconda3/docker-compose.yml,Apps/Anaconda3/docker-compose.yml,continuumio/anaconda3:2024.10-1,continuumio/anaconda3:2024.10-1,yes,yes,2024.10-1,2024.10-1,yes,2024-10-31,true,not_present,ok,
AnythingLLM,Apps/AnythingLLM/docker-compose.yml,Apps/AnythingLLM/docker-compose.yml,mintplexlabs/anythingllm,mintplexlabs/anythingllm,yes,yes,latest,latest,yes,2024-08-19,false,not_present,ok,
ArchiveBox,Apps/ArchiveBox/docker-compose.yml,Apps/ArchiveBox/docker-compose.yml,archivebox/archivebox:0.7.3,archivebox/archivebox:0.7.3,yes,yes,0.7.3,0.7.3,yes,2024-12-15,true,not_present,ok,
Audiobookshelf,Apps/Audiobookshelf/docker-compose.yml,Apps/Audiobookshelf/docker-compose.yml,ghcr.io/advplyr/audiobookshelf:2.30.0,ghcr.io/advplyr/audiobookshelf:2.30.0,yes,yes,2.30.0,2.30.0,yes,2025-10-08,true,not_present,ok,
Autobrr,Apps/Autobrr/docker-compose.yml,Apps/Autobrr/docker-compose.yml,ghcr.io/autobrr/autobrr:v1.69.0,ghcr.io/autobrr/autobrr:v1.69.0,yes,yes,v1.69.0,v1.69.0,yes,2025-11-10,true,not_present,ok,
Bazarr,Apps/Bazarr/docker-compose.yml,Apps/Bazarr/docker-compose.yml,linuxserver/bazarr:1.5.6,linuxserver/bazarr:1.5.6,yes,yes,1.5.6,1.5.6,yes,2026-02-26,true,ok,ok,
BeaverHabitTracker,Apps/BeaverHabitTracker/docker-compose.yml,Apps/BeaverHabitTracker/docker-compose.yml,daya0576/beaverhabits:0.7.3,daya0576/beaverhabits:0.7.3,yes,yes,0.7.3,0.7.3,yes,2025-10-12,true,not_present,ok,
Blinko,Apps/Blinko/docker-compose.yml,Apps/Blinko/docker-compose.yml,blinkospace/blinko:1.8.7,blinkospace/blinko:1.8.7,yes,yes,1.8.7,1.8.7,yes,2026-04-12,true,not_present,ok,
Calibre-web,Apps/Calibre-web/docker-compose.yml,Apps/Calibre-web/docker-compose.yml,linuxserver/calibre-web:0.6.24,linuxserver/calibre-web:0.6.24,yes,yes,0.6.24,0.6.24,yes,2024-11-16,true,ok,ok,
ChatbotUI,Apps/ChatbotUI/docker-compose.yml,Apps/ChatbotUI/docker-compose.yml,ghcr.io/mckaywrigley/chatbot-ui:main,ghcr.io/mckaywrigley/chatbot-ui:main,yes,yes,main,main,yes,2023-07-26,false,not_present,ok,
ChatGPT-Next-Web,Apps/ChatGPT-Next-Web/docker-compose.yml,Apps/ChatGPT-Next-Web/docker-compose.yml,yidadaa/chatgpt-next-web:v2.16.1,yidadaa/chatgpt-next-web:v2.16.1,yes,yes,v2.16.1,v2.16.1,yes,2025-07-29,true,not_present,ok,
CloudBeaver,Apps/CloudBeaver/docker-compose.yml,Apps/CloudBeaver/docker-compose.yml,dbeaver/cloudbeaver:25.2.5,dbeaver/cloudbeaver:25.2.5,yes,yes,25.2.5,25.2.5,yes,2025-11-12,true,not_present,ok,
Cloudflared,Apps/Cloudflared/docker-compose.yml,Apps/Cloudflared/docker-compose.yml,wisdomsky/cloudflared-web:2025.2.1,wisdomsky/cloudflared-web:2025.2.1,yes,yes,2025.2.1,2025.2.1,yes,2025-05-30,false,not_present,ok,
ConvertX,Apps/ConvertX/docker-compose.yml,Apps/ConvertX/docker-compose.yml,c4illin/convertx:v0.14.1,c4illin/convertx:v0.14.1,yes,yes,v0.14.1,v0.14.1,yes,2025-06-04,true,not_present,ok,
CopyParty,Apps/CopyParty/docker-compose.yml,Apps/CopyParty/docker-compose.yml,icewhaletech/copyparty:1.20.13,icewhaletech/copyparty:1.20.13,yes,yes,1.20.13,1.20.13,yes,2026-03-23,true,not_present,ok,
Crafty,Apps/Crafty/docker-compose.yml,Apps/Crafty/docker-compose.yml,registry.gitlab.com/crafty-controller/crafty-4:4.4.11,registry.gitlab.com/crafty-controller/crafty-4:4.4.11,yes,yes,4.4.11,4.4.11,yes,2025-06-27,true,ok,ok,
Databag,Apps/Databag/docker-compose.yml,Apps/Databag/docker-compose.yml,balzack/databag:0.1.18,balzack/databag:0.1.18,yes,yes,0.1.18,0.1.18,yes,2025-11-28,false,not_present,ok,
Ddns-go,Apps/Ddns-go/docker-compose.yml,Apps/Ddns-go/docker-compose.yml,jeessy/ddns-go:v6.17.0,jeessy/ddns-go:v6.17.0,yes,yes,v6.17.0,v6.17.0,yes,2026-05-01,true,not_present,ok,
DDNS-Updater,Apps/DDNS-Updater/docker-compose.yml,Apps/DDNS-Updater/docker-compose.yml,qmcgaw/ddns-updater:v2.9.0,qmcgaw/ddns-updater:v2.9.0,yes,yes,v2.9.0,v2.9.0,yes,2024-12-24,true,not_present,ok,
DeepSeek-OCR_Nvidia,Apps/DeepSeek-OCR_Nvidia/docker-compose.yml,Apps/DeepSeek-OCR_Nvidia/docker-compose.yml,icewhaletech/deepseek-ocr-frontend:v2.2.0,icewhaletech/deepseek-ocr-frontend:v2.2.0,yes,yes,v2.2.0,v2.2.0,yes,2026-03-27,false,not_present,ok,
Deluge,Apps/Deluge/docker-compose.yml,Apps/Deluge/docker-compose.yml,linuxserver/deluge:2.2.0,linuxserver/deluge:2.2.0,yes,yes,2.2.0,2.2.0,yes,2025-04-28,false,ok,ok,
Dify,Apps/Dify/docker-compose.yml,Apps/Dify/docker-compose.yml,langgenius/dify-web:0.12.1,langgenius/dify-web:0.12.1,yes,yes,0.12.1,0.12.1,yes,2024-11-26,true,not_present,ok,
Docmost,Apps/Docmost/docker-compose.yml,Apps/Docmost/docker-compose.yml,docmost/docmost:0.21.0,docmost/docmost:0.21.0,yes,yes,0.21.0,0.21.0,yes,2025-06-18,true,not_present,ok,
Downtify,Apps/Downtify/docker-compose.yml,Apps/Downtify/docker-compose.yml,ghcr.io/henriquesebastiao/downtify:2.6.0,ghcr.io/henriquesebastiao/downtify:2.6.0,yes,yes,2.6.0,2.6.0,yes,2026-05-03,true,not_present,ok,
DuckDNS,Apps/DuckDNS/docker-compose.yml,Apps/DuckDNS/docker-compose.yml,lscr.io/linuxserver/duckdns:latest,lscr.io/linuxserver/duckdns:latest,yes,yes,latest,latest,yes,2025-03-13,false,not_present,ok,
Duplicati,Apps/Duplicati/docker-compose.yml,Apps/Duplicati/docker-compose.yml,linuxserver/duplicati:2.1.0,linuxserver/duplicati:2.1.0,yes,yes,2.1.0,2.1.0,yes,2025-03-06,false,ok,ok,
Emby,Apps/Emby/docker-compose.yml,Apps/Emby/docker-compose.yml,linuxserver/emby:4.9.1,linuxserver/emby:4.9.1,yes,yes,4.9.1,4.9.1,yes,2025-09-30,true,ok,ok,
Emby_Nvidia,Apps/Emby_Nvidia/docker-compose.yml,Apps/Emby_Nvidia/docker-compose.yml,linuxserver/emby:4.9.1,linuxserver/emby:4.9.1,yes,yes,4.9.1,4.9.1,yes,2025-09-30,true,not_present,ok,
Embystat,Apps/Embystat/docker-compose.yml,Apps/Embystat/docker-compose.yml,linuxserver/embystat:0.2.0,linuxserver/embystat:0.2.0,yes,yes,0.2.0,0.2.0,yes,2023-11-27,true,ok,ok,
EmulatorJS,Apps/EmulatorJS/docker-compose.yml,Apps/EmulatorJS/docker-compose.yml,linuxserver/emulatorjs:1.9.2,linuxserver/emulatorjs:1.9.2,yes,yes,1.9.2,1.9.2,yes,2024-09-12,true,ok,ok,
ESPHome,Apps/ESPHome/docker-compose.yml,Apps/ESPHome/docker-compose.yml,ghcr.io/esphome/esphome:2025.11.0,ghcr.io/esphome/esphome:2025.11.0,yes,yes,2025.11.0,2025.11.0,yes,2025-11-19,true,not_present,ok,
Excalidraw,Apps/Excalidraw/docker-compose.yml,Apps/Excalidraw/docker-compose.yml,excalidraw/excalidraw:latest,excalidraw/excalidraw:latest,yes,yes,latest,latest,yes,2025-08-06,false,not_present,ok,
Filedrop,Apps/Filedrop/docker-compose.yml,Apps/Filedrop/docker-compose.yml,noecl/filedrop:1.0.1,noecl/filedrop:1.0.1,yes,yes,1.0.1,1.0.1,yes,2024-01-25,false,not_present,ok,
FileFlows,Apps/FileFlows/docker-compose.yml,Apps/FileFlows/docker-compose.yml,revenz/fileflows:stable,revenz/fileflows:stable,yes,yes,stable,stable,yes,2024-12-18,false,not_present,ok,
Firefly,Apps/Firefly/docker-compose.yml,Apps/Firefly/docker-compose.yml,uusec/firefly:latest,uusec/firefly:latest,yes,yes,latest,latest,yes,2024-06-11,false,not_present,ok,
FlareSolverr,Apps/FlareSolverr/docker-compose.yml,Apps/FlareSolverr/docker-compose.yml,ghcr.io/flaresolverr/flaresolverr:v3.4.5,ghcr.io/flaresolverr/flaresolverr:v3.4.5,yes,yes,v3.4.5,v3.4.5,yes,2025-11-11,true,not_present,ok,
FlowiseAi,Apps/FlowiseAi/docker-compose.yml,Apps/FlowiseAi/docker-compose.yml,flowiseai/flowise:3.0.11,flowiseai/flowise:3.0.11,yes,yes,3.0.11,3.0.11,yes,2025-11-16,true,not_present,ok,
FreshRSS,Apps/FreshRSS/docker-compose.yml,Apps/FreshRSS/docker-compose.yml,freshrss/freshrss:1.27.1,freshrss/freshrss:1.27.1,yes,yes,1.27.1,1.27.1,yes,2025-09-27,true,not_present,ok,
Gateway-go,Apps/Gateway-go/docker-compose.yml,Apps/Gateway-go/docker-compose.yml,openiothub/gateway-go:v2.0.11,openiothub/gateway-go:v2.0.11,yes,yes,v2.0.11,v2.0.11,yes,2025-07-30,true,not_present,ok,
Gitea,Apps/Gitea/docker-compose.yml,Apps/Gitea/docker-compose.yml,gitea/gitea:1.25,gitea/gitea:1.25,yes,yes,1.25,1.25,yes,2025-10-29,true,ok,ok,
Glances,Apps/Glances/docker-compose.yml,Apps/Glances/docker-compose.yml,nicolargo/glances:4.4.1,nicolargo/glances:4.4.1,yes,yes,4.4.1,4.4.1,yes,2025-11-05,true,not_present,ok,
Gopeed,Apps/Gopeed/docker-compose.yml,Apps/Gopeed/docker-compose.yml,liwei2633/gopeed:v1.8.3,liwei2633/gopeed:v1.8.3,yes,yes,v1.8.3,v1.8.3,yes,2025-11-30,true,not_present,ok,
Grafana,Apps/Grafana/docker-compose.yml,Apps/Grafana/docker-compose.yml,grafana/grafana:12.1.4,grafana/grafana:12.1.4,yes,yes,12.1.4,12.1.4,yes,2025-11-19,true,ok,ok,
Handbrake,Apps/Handbrake/docker-compose.yml,Apps/Handbrake/docker-compose.yml,jlesage/handbrake:v25.10.1,jlesage/handbrake:v25.10.1,yes,yes,v25.10.1,v25.10.1,yes,2025-10-14,true,ok,ok,
HermesAgent,,Apps/HermesAgent/docker-compose.yml,,nousresearch/hermes-agent:latest,n/a,n/a,,latest,n/a,2026-04-30,false,n/a,problem,not_in_upstream_main
HoloPlay,Apps/HoloPlay/docker-compose.yml,Apps/HoloPlay/docker-compose.yml,spout8301/holoplay:1.12.3,spout8301/holoplay:1.12.3,yes,yes,1.12.3,1.12.3,yes,2025-03-18,false,not_present,ok,
HomeAssistant,Apps/HomeAssistant/docker-compose.yml,Apps/HomeAssistant/docker-compose.yml,homeassistant/home-assistant:2025.11,homeassistant/home-assistant:2025.11,yes,yes,2025.11,2025.11,yes,2025-11-05,true,not_present,ok,
Homebridge,Apps/Homebridge/docker-compose.yml,Apps/Homebridge/docker-compose.yml,homebridge/homebridge:latest,homebridge/homebridge:latest,yes,yes,latest,latest,yes,2026-03-29,false,not_present,ok,
Hugo,Apps/Hugo/docker-compose.yml,Apps/Hugo/docker-compose.yml,ghcr.io/gohugoio/hugo:v0.152.2,ghcr.io/gohugoio/hugo:v0.152.2,yes,yes,v0.152.2,v0.152.2,yes,2025-10-24,true,not_present,ok,
Immich,Apps/Immich/docker-compose.yml,Apps/Immich/docker-compose.yml,ghcr.io/immich-app/immich-server:v2.7.2,ghcr.io/immich-app/immich-server:v2.7.2,yes,yes,v2.7.2,v2.7.2,yes,2026-04-07,true,not_present,ok,
Index-TTS,Apps/Index-TTS/docker-compose.yml,Apps/Index-TTS/docker-compose.yml,icewhaletech/index-tts:2.0,icewhaletech/index-tts:2.0,yes,yes,2.0,2.0,yes,2026-01-08,false,not_present,ok,
Index-TTS_Nvidia,Apps/Index-TTS_Nvidia/docker-compose.yml,Apps/Index-TTS_Nvidia/docker-compose.yml,icewhaletech/index-tts:2.0,icewhaletech/index-tts:2.0,yes,yes,2.0,2.0,yes,2026-01-08,false,not_present,ok,
Jackett,Apps/Jackett/docker-compose.yml,Apps/Jackett/docker-compose.yml,linuxserver/jackett:0.24.1841,linuxserver/jackett:0.24.1841,yes,yes,0.24.1841,0.24.1841,yes,2026-05-11,true,ok,ok,
JDownloader2,Apps/JDownloader2/docker-compose.yml,Apps/JDownloader2/docker-compose.yml,jlesage/jdownloader-2:latest,jlesage/jdownloader-2:latest,yes,yes,latest,latest,yes,2024-01-25,false,not_present,ok,
Jellyfin,Apps/Jellyfin/docker-compose.yml,Apps/Jellyfin/docker-compose.yml,linuxserver/jellyfin:10.10.7,linuxserver/jellyfin:10.10.7,yes,yes,10.10.7,10.10.7,yes,2025-04-05,true,ok,ok,
Jellyfin_Nvidia,Apps/Jellyfin_Nvidia/docker-compose.yml,Apps/Jellyfin_Nvidia/docker-compose.yml,linuxserver/jellyfin:10.10.6,linuxserver/jellyfin:10.10.6,yes,yes,10.10.6,10.10.6,yes,2025-02-16,true,not_present,ok,
Jellyseerr,,Apps/Jellyseerr/docker-compose.yml,,fallenbagel/jellyseerr:2.7.3,n/a,n/a,,2.7.3,n/a,2025-08-14,true,n/a,problem,not_in_upstream_main
Jenkin,Apps/Jenkin/docker-compose.yml,Apps/Jenkin/docker-compose.yml,jenkins/jenkins:lts-jdk17,jenkins/jenkins:lts-jdk17,yes,yes,lts-jdk17,lts-jdk17,yes,2024-10-24,false,not_present,ok,
Kavita,Apps/Kavita/docker-compose.yml,Apps/Kavita/docker-compose.yml,jvmilazz0/kavita:0.8.8,jvmilazz0/kavita:0.8.8,yes,yes,0.8.8,0.8.8,yes,2025-10-20,true,not_present,ok,
Komga,Apps/Komga/docker-compose.yml,Apps/Komga/docker-compose.yml,gotson/komga:1.23.6,gotson/komga:1.23.6,yes,yes,1.23.6,1.23.6,yes,2025-11-28,true,not_present,ok,
LabelStudio,Apps/LabelStudio/docker-compose.yml,Apps/LabelStudio/docker-compose.yml,heartexlabs/label-studio:1.9.2,heartexlabs/label-studio:1.9.2,yes,yes,1.9.2,1.9.2,yes,2023-11-07,true,not_present,ok,
LangFlow,Apps/LangFlow/docker-compose.yml,Apps/LangFlow/docker-compose.yml,langflowai/langflow:1.5.0,langflowai/langflow:1.5.0,yes,yes,1.5.0,1.5.0,yes,2025-07-08,true,not_present,ok,
Lazylibrarian,Apps/Lazylibrarian/docker-compose.yml,Apps/Lazylibrarian/docker-compose.yml,linuxserver/lazylibrarian:version-169e669f,linuxserver/lazylibrarian:version-169e669f,yes,yes,version-169e669f,version-169e669f,yes,2025-12-03,false,ok,ok,
LibreChat,Apps/LibreChat/docker-compose.yml,Apps/LibreChat/docker-compose.yml,ghcr.io/danny-avila/librechat-dev:latest,ghcr.io/danny-avila/librechat-dev:latest,yes,yes,latest,latest,yes,2026-04-20,false,not_present,ok,
Lidarr,Apps/Lidarr/docker-compose.yml,Apps/Lidarr/docker-compose.yml,linuxserver/lidarr:3.1.0,linuxserver/lidarr:3.1.0,yes,yes,3.1.0,3.1.0,yes,2025-12-03,true,ok,ok,
Linkwarden,Apps/Linkwarden/docker-compose.yml,Apps/Linkwarden/docker-compose.yml,ghcr.io/linkwarden/linkwarden:v2.14.1,ghcr.io/linkwarden/linkwarden:v2.14.1,yes,yes,v2.14.1,v2.14.1,yes,2026-04-22,true,not_present,ok,
LLaMA-Factory_Nvidia,Apps/LLaMA-Factory_Nvidia/docker-compose.yml,Apps/LLaMA-Factory_Nvidia/docker-compose.yml,hiyouga/llamafactory:0.9.4,hiyouga/llamafactory:0.9.4,yes,yes,0.9.4,0.9.4,yes,2025-12-31,true,not_present,ok,
Logseq,,Apps/Logseq/docker-compose.yml,,correctroad/logseq:v0.10.10,n/a,n/a,,v0.10.10,n/a,2025-05-06,true,n/a,problem,not_in_upstream_main
Lucky,Apps/Lucky/docker-compose.yml,Apps/Lucky/docker-compose.yml,gdy666/lucky:2.20.2,gdy666/lucky:2.20.2,yes,yes,2.20.2,2.20.2,yes,2025-11-20,true,not_present,ok,
LyrionMusicServer,Apps/LyrionMusicServer/docker-compose.yml,Apps/LyrionMusicServer/docker-compose.yml,lmscommunity/lyrionmusicserver:9.1.0,lmscommunity/lyrionmusicserver:9.1.0,yes,yes,9.1.0,9.1.0,yes,2026-02-19,true,not_present,ok,
MariaDB,Apps/MariaDB/docker-compose.yml,Apps/MariaDB/docker-compose.yml,linuxserver/mariadb:11.4.8,linuxserver/mariadb:11.4.8,yes,yes,11.4.8,11.4.8,yes,2025-08-06,true,not_present,ok,
Maybe,Apps/Maybe/docker-compose.yml,Apps/Maybe/docker-compose.yml,ghcr.io/maybe-finance/maybe:latest,ghcr.io/maybe-finance/maybe:latest,yes,yes,latest,latest,yes,2025-09-04,false,not_present,ok,
Medusa,Apps/Medusa/docker-compose.yml,Apps/Medusa/docker-compose.yml,pymedusa/medusa:master,pymedusa/medusa:master,yes,yes,master,master,yes,2024-03-26,false,not_present,ok,
Memos,Apps/Memos/docker-compose.yml,Apps/Memos/docker-compose.yml,neosmemo/memos:0.25,neosmemo/memos:0.25,yes,yes,0.25,0.25,yes,2025-07-16,true,ok,ok,
MineOS,Apps/MineOS/docker-compose.yml,Apps/MineOS/docker-compose.yml,hexparrot/mineos:latest,hexparrot/mineos:latest,yes,yes,latest,latest,yes,2023-11-27,false,ok,ok,
Mongo,Apps/Mongo/docker-compose.yml,Apps/Mongo/docker-compose.yml,mongo:8.2.2,mongo:8.2.2,yes,yes,8.2.2,8.2.2,yes,2025-12-05,true,not_present,ok,
MongoDB4,Apps/MongoDB4/docker-compose.yml,Apps/MongoDB4/docker-compose.yml,mongo:4.4.22,mongo:4.4.22,yes,yes,4.4.22,4.4.22,yes,2024-01-25,false,not_present,ok,
Monica,Apps/Monica/docker-compose.yml,Apps/Monica/docker-compose.yml,monica:4.1.2,monica:4.1.2,yes,yes,4.1.2,4.1.2,yes,2024-05-04,true,not_present,ok,
Motioneye,Apps/Motioneye/docker-compose.yml,Apps/Motioneye/docker-compose.yml,ccrisan/motioneye:master-amd64,ccrisan/motioneye:master-amd64,yes,yes,master-amd64,master-amd64,yes,2024-01-25,false,not_present,ok,
Mylar3,Apps/Mylar3/docker-compose.yml,Apps/Mylar3/docker-compose.yml,linuxserver/mylar3:0.8.3,linuxserver/mylar3:0.8.3,yes,yes,0.8.3,0.8.3,yes,2025-08-17,true,ok,ok,
MySpeed,Apps/MySpeed/docker-compose.yml,Apps/MySpeed/docker-compose.yml,germannewsmaker/myspeed:1.0.9,germannewsmaker/myspeed:1.0.9,yes,yes,1.0.9,1.0.9,yes,2024-05-21,true,not_present,ok,
N8n,Apps/N8n/docker-compose.yml,Apps/N8n/docker-compose.yml,n8nio/n8n:1.123.0,n8nio/n8n:1.123.0,yes,yes,1.123.0,1.123.0,yes,2025-12-01,true,ok,ok,
Navidrome,Apps/Navidrome/docker-compose.yml,Apps/Navidrome/docker-compose.yml,deluan/navidrome:0.58.5,deluan/navidrome:0.58.5,yes,yes,0.58.5,0.58.5,yes,2025-11-09,true,not_present,ok,
NetBird,Apps/NetBird/docker-compose.yml,Apps/NetBird/docker-compose.yml,netbirdio/netbird:0.62.3,netbirdio/netbird:0.62.3,yes,yes,0.62.3,0.62.3,yes,2026-01-12,true,not_present,ok,
Netdata,Apps/Netdata/docker-compose.yml,Apps/Netdata/docker-compose.yml,netdata/netdata:v2.8.1,netdata/netdata:v2.8.1,yes,yes,v2.8.1,v2.8.1,yes,2025-11-21,true,not_present,ok,
Nextcloud,Apps/Nextcloud/docker-compose.yml,Apps/Nextcloud/docker-compose.yml,nextcloud:32.0,nextcloud:32.0,yes,yes,32.0,32.0,yes,2025-09-27,true,ok,ok,
NginxProxyManager,Apps/NginxProxyManager/docker-compose.yml,Apps/NginxProxyManager/docker-compose.yml,jc21/nginx-proxy-manager:2.13.5,jc21/nginx-proxy-manager:2.13.5,yes,yes,2.13.5,2.13.5,yes,2025-11-18,true,ok,ok,
Node-RED,Apps/Node-RED/docker-compose.yml,Apps/Node-RED/docker-compose.yml,nodered/node-red:4.1.2,nodered/node-red:4.1.2,yes,yes,4.1.2,4.1.2,yes,2025-12-03,true,ok,ok,
Nzbget,Apps/Nzbget/docker-compose.yml,Apps/Nzbget/docker-compose.yml,linuxserver/nzbget:25.4.20251205,linuxserver/nzbget:25.4.20251205,yes,yes,25.4.20251205,25.4.20251205,yes,2025-12-29,false,ok,ok,
Obsidian,Apps/Obsidian/docker-compose.yml,Apps/Obsidian/docker-compose.yml,lscr.io/linuxserver/obsidian:1.8.10,lscr.io/linuxserver/obsidian:1.8.10,yes,yes,1.8.10,1.8.10,yes,2025-04-22,true,not_present,ok,
Ollama,Apps/Ollama/docker-compose.yml,Apps/Ollama/docker-compose.yml,ollama/ollama:0.9.5,ollama/ollama:0.9.5,yes,yes,0.9.5,0.9.5,yes,2025-07-02,true,not_present,ok,
Ollama_Nvidia,Apps/Ollama_Nvidia/docker-compose.yml,Apps/Ollama_Nvidia/docker-compose.yml,ollama/ollama:0.9.5,ollama/ollama:0.9.5,yes,yes,0.9.5,0.9.5,yes,2025-07-02,true,not_present,ok,
Ombi,Apps/Ombi/docker-compose.yml,Apps/Ombi/docker-compose.yml,linuxserver/ombi:4.47.1,linuxserver/ombi:4.47.1,yes,yes,4.47.1,4.47.1,yes,2025-01-05,true,ok,ok,
OpenClaw,Apps/OpenClaw/docker-compose.yml,Apps/OpenClaw/docker-compose.yml,icewhaletech/openclaw:2026.5.7,icewhaletech/openclaw:2026.5.7,yes,yes,2026.5.7,2026.5.7,yes,2026-05-07,true,not_present,ok,
OpenHAB,Apps/OpenHAB/docker-compose.yml,Apps/OpenHAB/docker-compose.yml,openhab/openhab:4.3.3,openhab/openhab:4.3.3,yes,yes,4.3.3,4.3.3,yes,2025-02-20,true,ok,ok,
OpenHands,Apps/OpenHands/docker-compose.yml,Apps/OpenHands/docker-compose.yml,ghcr.io/all-hands-ai/openhands:0.59,ghcr.io/all-hands-ai/openhands:0.59,yes,yes,0.59,0.59,yes,2025-10-10,true,not_present,ok,
OpenSpeedTest,Apps/OpenSpeedTest/docker-compose.yml,Apps/OpenSpeedTest/docker-compose.yml,openspeedtest/latest:v2.0.6,openspeedtest/latest:v2.0.6,yes,yes,v2.0.6,v2.0.6,yes,2025-03-18,false,ok,ok,
OpenWebUI,Apps/OpenWebUI/docker-compose.yml,Apps/OpenWebUI/docker-compose.yml,ghcr.io/open-webui/open-webui:ollama,ghcr.io/open-webui/open-webui:ollama,yes,yes,ollama,ollama,yes,2025-07-11,false,not_present,ok,
oPodSync,Apps/oPodSync/docker-compose.yml,Apps/oPodSync/docker-compose.yml,ganeshlab/opodsync:latest,ganeshlab/opodsync:latest,yes,yes,latest,latest,yes,2025-12-19,false,not_present,ok,
Overseerr,Apps/Overseerr/docker-compose.yml,Apps/Overseerr/docker-compose.yml,linuxserver/overseerr:1.33.2,linuxserver/overseerr:1.33.2,yes,yes,1.33.2,1.33.2,yes,2023-07-28,true,not_present,ok,
PdfDing,Apps/PdfDing/docker-compose.yml,Apps/PdfDing/docker-compose.yml,mrmn/pdfding:v1.3.1,mrmn/pdfding:v1.3.1,yes,yes,v1.3.1,v1.3.1,yes,2025-04-04,true,not_present,ok,
Peanut,Apps/Peanut/docker-compose.yml,Apps/Peanut/docker-compose.yml,brandawg93/peanut:5.19.1,brandawg93/peanut:5.19.1,yes,yes,5.19.1,5.19.1,yes,2025-12-05,true,not_present,ok,
Petio,Apps/Petio/docker-compose.yml,Apps/Petio/docker-compose.yml,ghcr.io/petio-team/petio@sha256:1c5a9276a844f4284601cbe332905864950545ebdeaad74bacb9097ea4f4b333,ghcr.io/petio-team/petio@sha256:1c5a9276a844f4284601cbe332905864950545ebdeaad74bacb9097ea4f4b333,yes,yes,sha256:1c5a9276a844f4284601cbe332905864950545ebdeaad74bacb9097ea4f4b333,sha256:1c5a9276a844f4284601cbe332905864950545ebdeaad74bacb9097ea4f4b333,yes,2023-07-26,false,not_present,ok,
PhotoPrism,Apps/PhotoPrism/docker-compose.yml,Apps/PhotoPrism/docker-compose.yml,photoprism/photoprism:250228,photoprism/photoprism:250228,yes,yes,250228,250228,yes,2025-03-18,true,ok,ok,
Pihole,Apps/Pihole/docker-compose.yml,Apps/Pihole/docker-compose.yml,pihole/pihole:2025.11.1,pihole/pihole:2025.11.1,yes,yes,2025.11.1,2025.11.1,yes,2025-12-23,false,ok,ok,
Pinchflat,Apps/Pinchflat/docker-compose.yml,Apps/Pinchflat/docker-compose.yml,ghcr.io/kieraneglin/pinchflat:latest,ghcr.io/kieraneglin/pinchflat:latest,yes,yes,latest,latest,yes,2025-06-19,false,not_present,ok,
Pingvin-Share,Apps/Pingvin-Share/docker-compose.yml,Apps/Pingvin-Share/docker-compose.yml,stonith404/pingvin-share,stonith404/pingvin-share,yes,yes,latest,latest,yes,2026-01-05,false,not_present,ok,
playit-agent,Apps/playit-agent/docker-compose.yml,Apps/playit-agent/docker-compose.yml,ghcr.io/mafen/playit-docker:latest,ghcr.io/mafen/playit-docker:latest,yes,yes,latest,latest,yes,2024-12-18,false,not_present,ok,
Plex,Apps/Plex/docker-compose.yml,Apps/Plex/docker-compose.yml,lscr.io/linuxserver/plex:1.41.3,lscr.io/linuxserver/plex:1.41.3,yes,yes,1.41.3,1.41.3,yes,2024-12-17,false,ok,ok,
Plex_Nvidia,Apps/Plex_Nvidia/docker-compose.yml,Apps/Plex_Nvidia/docker-compose.yml,lscr.io/linuxserver/plex:1.41.3,lscr.io/linuxserver/plex:1.41.3,yes,yes,1.41.3,1.41.3,yes,2024-12-17,false,not_present,ok,
PocketBase,Apps/PocketBase/docker-compose.yml,Apps/PocketBase/docker-compose.yml,argonptg/pocketbase:0.25.9,argonptg/pocketbase:0.25.9,yes,yes,0.25.9,0.25.9,yes,2025-03-05,true,not_present,ok,
Portainer,Apps/Portainer/docker-compose.yml,Apps/Portainer/docker-compose.yml,portainer/portainer-ce:2.31.3,portainer/portainer-ce:2.31.3,yes,yes,2.31.3,2.31.3,yes,2025-07-03,true,not_present,ok,
PostgreSQL,Apps/PostgreSQL/docker-compose.yml,Apps/PostgreSQL/docker-compose.yml,postgres:17.4,postgres:17.4,yes,yes,17.4,17.4,yes,2025-03-18,true,not_present,ok,
Prowlarr,Apps/Prowlarr/docker-compose.yml,Apps/Prowlarr/docker-compose.yml,linuxserver/prowlarr:2.3.5,linuxserver/prowlarr:2.3.5,yes,yes,2.3.5,2.3.5,yes,2026-04-04,true,ok,ok,
PsiTransfer,Apps/PsiTransfer/docker-compose.yml,Apps/PsiTransfer/docker-compose.yml,psitrax/psitransfer:v2.4.1,psitrax/psitransfer:v2.4.1,yes,yes,v2.4.1,v2.4.1,yes,2026-02-14,true,not_present,ok,
PyLoad,Apps/PyLoad/docker-compose.yml,Apps/PyLoad/docker-compose.yml,linuxserver/pyload-ng:0.5.0,linuxserver/pyload-ng:0.5.0,yes,yes,0.5.0,0.5.0,yes,2024-01-25,false,not_present,ok,
qBittorrent,Apps/qBittorrent/docker-compose.yml,Apps/qBittorrent/docker-compose.yml,ghcr.io/hotio/qbittorrent:release-5.0.4,ghcr.io/hotio/qbittorrent:release-5.0.4,yes,yes,release-5.0.4,release-5.0.4,yes,2025-02-18,true,ok,ok,
Radarr,Apps/Radarr/docker-compose.yml,Apps/Radarr/docker-compose.yml,linuxserver/radarr:6.1.1,linuxserver/radarr:6.1.1,yes,yes,6.1.1,6.1.1,yes,2026-03-26,true,ok,ok,
RagFlow,Apps/RagFlow/docker-compose.yml,Apps/RagFlow/docker-compose.yml,icewhaletech/ragflow:v0.21.1,icewhaletech/ragflow:v0.21.1,yes,yes,v0.21.1,v0.21.1,yes,2025-10-23,true,not_present,ok,
RDTClient,Apps/RDTClient/docker-compose.yml,Apps/RDTClient/docker-compose.yml,rogerfar/rdtclient:2,rogerfar/rdtclient:2,yes,yes,2,2,yes,2024-06-11,false,not_present,ok,
Readarr,Apps/Readarr/docker-compose.yml,Apps/Readarr/docker-compose.yml,linuxserver/readarr:0.3.10-develop,linuxserver/readarr:0.3.10-develop,yes,yes,0.3.10-develop,0.3.10-develop,yes,2023-12-05,false,ok,ok,
Resilio-sync,Apps/Resilio-sync/docker-compose.yml,Apps/Resilio-sync/docker-compose.yml,linuxserver/resilio-sync:2.7.3,linuxserver/resilio-sync:2.7.3,yes,yes,2.7.3,2.7.3,yes,2024-06-14,false,ok,ok,
RetroArch,Apps/RetroArch/docker-compose.yml,Apps/RetroArch/docker-compose.yml,inglebard/retroarch-web:latest,inglebard/retroarch-web:latest,yes,yes,latest,latest,yes,2025-08-06,false,not_present,ok,
RomM,Apps/RomM/docker-compose.yml,Apps/RomM/docker-compose.yml,rommapp/romm:4.0.1,rommapp/romm:4.0.1,yes,yes,4.0.1,4.0.1,yes,2025-07-26,true,not_present,ok,
Sabnzbd,Apps/Sabnzbd/docker-compose.yml,Apps/Sabnzbd/docker-compose.yml,linuxserver/sabnzbd:4.1.0,linuxserver/sabnzbd:4.1.0,yes,yes,4.1.0,4.1.0,yes,2023-09-26,true,ok,ok,
Sickchill,Apps/Sickchill/docker-compose.yml,Apps/Sickchill/docker-compose.yml,linuxserver/sickchill:2023.6.27,linuxserver/sickchill:2023.6.27,yes,yes,2023.6.27,2023.6.27,yes,2023-06-28,true,ok,ok,
Siyuan-Note,Apps/Siyuan-Note/docker-compose.yml,Apps/Siyuan-Note/docker-compose.yml,b3log/siyuan:v3.0.1,b3log/siyuan:v3.0.1,yes,yes,v3.0.1,v3.0.1,yes,2024-02-27,true,ok,ok,
Smokeping,Apps/Smokeping/docker-compose.yml,Apps/Smokeping/docker-compose.yml,linuxserver/smokeping:2.8.2,linuxserver/smokeping:2.8.2,yes,yes,2.8.2,2.8.2,yes,2021-08-10,true,ok,ok,
Snapdrop,Apps/Snapdrop/docker-compose.yml,Apps/Snapdrop/docker-compose.yml,linuxserver/snapdrop:version-eac78009,linuxserver/snapdrop:version-eac78009,yes,yes,version-eac78009,version-eac78009,yes,2023-11-27,false,ok,ok,
Sonarr,Apps/Sonarr/docker-compose.yml,Apps/Sonarr/docker-compose.yml,linuxserver/sonarr:4.0.17,linuxserver/sonarr:4.0.17,yes,yes,4.0.17,4.0.17,yes,2026-05-04,true,ok,ok,
StableDiffusionWebUI,Apps/StableDiffusionWebUI/docker-compose.yml,Apps/StableDiffusionWebUI/docker-compose.yml,johnguan/stable-diffusion-webui:latest,johnguan/stable-diffusion-webui:latest,yes,yes,latest,latest,yes,2024-03-11,false,not_present,ok,
Stremio,Apps/Stremio/docker-compose.yml,Apps/Stremio/docker-compose.yml,tsaridas/stremio-docker:v1.2.5,tsaridas/stremio-docker:v1.2.5,yes,yes,v1.2.5,v1.2.5,yes,2025-10-19,true,not_present,ok,
Sure,Apps/Sure/docker-compose.yml,Apps/Sure/docker-compose.yml,ghcr.io/we-promise/sure:0.6.5-hotfix.1,ghcr.io/we-promise/sure:0.6.5-hotfix.1,yes,yes,0.6.5-hotfix.1,0.6.5-hotfix.1,yes,2025-12-03,true,not_present,ok,
SwingMusic,Apps/SwingMusic/docker-compose.yml,Apps/SwingMusic/docker-compose.yml,ghcr.io/swingmx/swingmusic:v1.4.8,ghcr.io/swingmx/swingmusic:v1.4.8,yes,yes,v1.4.8,v1.4.8,yes,2024-02-26,true,not_present,ok,
Syncthing,Apps/Syncthing/docker-compose.yml,Apps/Syncthing/docker-compose.yml,linuxserver/syncthing:1.29.7,linuxserver/syncthing:1.29.7,yes,yes,1.29.7,1.29.7,yes,2025-06-02,true,ok,ok,
Tailscale,Apps/Tailscale/docker-compose.yml,Apps/Tailscale/docker-compose.yml,tailscale/tailscale:v1.90.8,tailscale/tailscale:v1.90.8,yes,yes,v1.90.8,v1.90.8,yes,2025-11-19,true,not_present,ok,
TaskingAI,Apps/TaskingAI/docker-compose.yml,Apps/TaskingAI/docker-compose.yml,taskingai/taskingai-console:v0.3.0,taskingai/taskingai-console:v0.3.0,yes,yes,v0.3.0,v0.3.0,yes,2024-06-03,true,not_present,ok,
Tautulli,Apps/Tautulli/docker-compose.yml,Apps/Tautulli/docker-compose.yml,linuxserver/tautulli:2.13.2,linuxserver/tautulli:2.13.2,yes,yes,2.13.2,2.13.2,yes,2023-10-26,true,ok,ok,
Teable,Apps/Teable/docker-compose.yml,Apps/Teable/docker-compose.yml,teableio/teable:latest,teableio/teable:latest,yes,yes,latest,latest,yes,2026-01-14,false,not_present,ok,
Threadfin,Apps/Threadfin/docker-compose.yml,Apps/Threadfin/docker-compose.yml,fyb3roptik/threadfin:latest,fyb3roptik/threadfin:latest,yes,yes,latest,latest,yes,2024-01-25,false,not_present,ok,
Transmission,Apps/Transmission/docker-compose.yml,Apps/Transmission/docker-compose.yml,linuxserver/transmission:4.0.4,linuxserver/transmission:4.0.4,yes,yes,4.0.4,4.0.4,yes,2023-08-28,true,ok,ok,
Trilium,,Apps/Trilium/docker-compose.yml,,triliumnext/trilium:v0.99.3,n/a,n/a,,v0.99.3,n/a,2025-10-22,true,n/a,problem,not_in_upstream_main
TurboDiffusion_Nvidia,Apps/TurboDiffusion_Nvidia/docker-compose.yml,Apps/TurboDiffusion_Nvidia/docker-compose.yml,icewhaletech/turbodiffusion:20260312,icewhaletech/turbodiffusion:20260312,yes,yes,20260312,20260312,yes,2026-04-04,false,not_present,ok,
Twingate,Apps/Twingate/docker-compose.yml,Apps/Twingate/docker-compose.yml,twingate/connector:1,twingate/connector:1,yes,yes,1,1,yes,2024-01-26,false,ok,ok,
Unifi-controller,Apps/Unifi-controller/docker-compose.yml,Apps/Unifi-controller/docker-compose.yml,linuxserver/unifi-controller:8.0.7,linuxserver/unifi-controller:8.0.7,yes,yes,8.0.7,8.0.7,yes,2024-02-20,true,ok,ok,
Unifi-Network-Application,Apps/Unifi-Network-Application/docker-compose.yml,Apps/Unifi-Network-Application/docker-compose.yml,lscr.io/linuxserver/unifi-network-application:latest,lscr.io/linuxserver/unifi-network-application:latest,yes,yes,latest,latest,yes,2024-01-29,false,not_present,ok,
UptimeKuma,Apps/UptimeKuma/docker-compose.yml,Apps/UptimeKuma/docker-compose.yml,louislam/uptime-kuma:1.23.16-alpine,louislam/uptime-kuma:1.23.16-alpine,yes,yes,1.23.16-alpine,1.23.16-alpine,yes,2025-07-08,true,ok,ok,
V2rayA,Apps/V2rayA/docker-compose.yml,Apps/V2rayA/docker-compose.yml,mzz2017/v2raya:v2.2.6.7,mzz2017/v2raya:v2.2.6.7,yes,yes,v2.2.6.7,v2.2.6.7,yes,2025-03-27,true,not_present,ok,
Vaultwarden,Apps/Vaultwarden/docker-compose.yml,Apps/Vaultwarden/docker-compose.yml,vaultwarden/server:1.32.7,vaultwarden/server:1.32.7,yes,yes,1.32.7,1.32.7,yes,2024-12-20,true,ok,ok,
VirtualMachineManager,Apps/VirtualMachineManager/docker-compose.yml,Apps/VirtualMachineManager/docker-compose.yml,mber5/virt-manager:latest,mber5/virt-manager:latest,yes,yes,latest,latest,yes,2024-05-28,false,not_present,ok,
VoceChat,Apps/VoceChat/docker-compose.yml,Apps/VoceChat/docker-compose.yml,privoce/vocechat-server:v0.3.33,privoce/vocechat-server:v0.3.33,yes,yes,v0.3.33,v0.3.33,yes,2025-05-28,false,ok,ok,
Wallabag,Apps/Wallabag/docker-compose.yml,Apps/Wallabag/docker-compose.yml,wallabag/wallabag:2.6.13,wallabag/wallabag:2.6.13,yes,yes,2.6.13,2.6.13,yes,2025-06-04,true,not_present,ok,
WebDav,Apps/WebDav/docker-compose.yml,Apps/WebDav/docker-compose.yml,ugeek/webdav:amd64,ugeek/webdav:amd64,yes,yes,amd64,amd64,yes,2025-03-05,false,not_present,ok,
WeKnora,Apps/WeKnora/docker-compose.yml,Apps/WeKnora/docker-compose.yml,wechatopenai/weknora-ui:v0.2.14,wechatopenai/weknora-ui:v0.2.14,yes,yes,v0.2.14,v0.2.14,yes,2026-01-30,true,not_present,ok,
WireGuardEasy,Apps/WireGuardEasy/docker-compose.yml,Apps/WireGuardEasy/docker-compose.yml,ghcr.io/wg-easy/wg-easy:13,ghcr.io/wg-easy/wg-easy:13,yes,yes,13,13,yes,2024-05-20,false,not_present,ok,
Ztnet,Apps/Ztnet/docker-compose.yml,Apps/Ztnet/docker-compose.yml,sinamics/ztnet:0.7.5,sinamics/ztnet:0.7.5,yes,yes,0.7.5,0.7.5,yes,2025-06-05,true,not_present,ok,
