row,severity,category,app,file,field,expected,actual,investigation,action,result
1,error,appfile_image_tag_mismatch,2FAuth,Apps/2FAuth/appfile.json,container.image,5.4.3,latest,compose main image is 2fauth/2fauth:5.4.3; appfile container.image was latest,set appfile container.image to compose main image 2fauth/2fauth:5.4.3,fixed
2,error,appfile_image_tag_mismatch,AdGuardHome,Apps/AdGuardHome/appfile.json,container.image,v0.107.61,v0.107.5,compose main image is adguard/adguardhome:v0.107.61; appfile container.image was v0.107.5,set appfile container.image to compose main image adguard/adguardhome:v0.107.61,fixed
3,warning,service_metadata_port_gap,AlbyHub,Apps/AlbyHub/docker-compose.yml,services.<main>.x-casaos.ports,"[""8080""]",[],compose declared service values that were not represented in service-level x-casaos metadata.,added missing service-level x-casaos metadata entries for the expected ports/volumes/envs.,fixed
4,warning,service_metadata_volume_gap,AlbyHub,Apps/AlbyHub/docker-compose.yml,services.<main>.x-casaos.volumes,"[""/data""]",[],compose declared service values that were not represented in service-level x-casaos metadata.,added missing service-level x-casaos metadata entries for the expected ports/volumes/envs.,fixed
5,warning,service_metadata_env_gap,AlbyHub,Apps/AlbyHub/docker-compose.yml,services.<main>.x-casaos.envs,"[""LOG_EVENTS"", ""PGID"", ""PUID"", ""TZ"", ""UMASK"", ""WORK_DIR""]",[],compose declared service values that were not represented in service-level x-casaos metadata.,added missing service-level x-casaos metadata entries for the expected ports/volumes/envs.,fixed
6,warning,service_metadata_port_gap,Alist-Sync,Apps/Alist-Sync/docker-compose.yml,services.<main>.x-casaos.ports,"[""52441""]",[],compose declared service values that were not represented in service-level x-casaos metadata.,added missing service-level x-casaos metadata entries for the expected ports/volumes/envs.,fixed
7,warning,service_metadata_volume_gap,Alist-Sync,Apps/Alist-Sync/docker-compose.yml,services.<main>.x-casaos.volumes,"[""/app/data""]",[],compose declared service values that were not represented in service-level x-casaos metadata.,added missing service-level x-casaos metadata entries for the expected ports/volumes/envs.,fixed
8,warning,service_metadata_env_gap,Alist-Sync,Apps/Alist-Sync/docker-compose.yml,services.<main>.x-casaos.envs,"[""TZ""]",[],compose declared service values that were not represented in service-level x-casaos metadata.,added missing service-level x-casaos metadata entries for the expected ports/volumes/envs.,fixed
9,warning,service_metadata_port_gap,AnythingLLM,Apps/AnythingLLM/docker-compose.yml,services.<main>.x-casaos.ports,"[""3001""]",[],compose declared service values that were not represented in service-level x-casaos metadata.,added missing service-level x-casaos metadata entries for the expected ports/volumes/envs.,fixed
10,warning,service_metadata_volume_gap,AnythingLLM,Apps/AnythingLLM/docker-compose.yml,services.<main>.x-casaos.volumes,"[""/app/server/storage""]",[],compose declared service values that were not represented in service-level x-casaos metadata.,added missing service-level x-casaos metadata entries for the expected ports/volumes/envs.,fixed
11,error,appfile_image_tag_mismatch,Bazarr,Apps/Bazarr/appfile.json,container.image,1.5.6,latest,compose main image is linuxserver/bazarr:1.5.6; appfile container.image was latest,set appfile container.image to compose main image linuxserver/bazarr:1.5.6,fixed
12,error,appfile_image_tag_mismatch,Calibre-web,Apps/Calibre-web/appfile.json,container.image,0.6.24,nightly-version-c0675497,compose main image is linuxserver/calibre-web:0.6.24; appfile container.image was nightly-version-c0675497,set appfile container.image to compose main image linuxserver/calibre-web:0.6.24,fixed
13,warning,service_metadata_env_gap,ChatbotUI,Apps/ChatbotUI/docker-compose.yml,services.<main>.x-casaos.envs,"[""PGID"", ""PUID"", ""TZ""]",[],compose declared service values that were not represented in service-level x-casaos metadata.,added missing service-level x-casaos metadata entries for the expected ports/volumes/envs.,fixed
14,warning,service_metadata_env_gap,ChatGPT-Next-Web,Apps/ChatGPT-Next-Web/docker-compose.yml,services.<main>.x-casaos.envs,"[""BASE_URL"", ""CODE"", ""PGID"", ""PROXY_URL"", ""PUID"", ""TZ""]","[""BASE_URL"", ""CODE"", ""PROXY_URL"", ""TZ""]",compose declared service values that were not represented in service-level x-casaos metadata.,added missing service-level x-casaos metadata entries for the expected ports/volumes/envs.,fixed
15,warning,service_metadata_volume_gap,CopyParty,Apps/CopyParty/docker-compose.yml,services.<main>.x-casaos.volumes,"[""/cfg"", ""/w""]","[""/w""]",compose declared service values that were not represented in service-level x-casaos metadata.,added missing service-level x-casaos metadata entries for the expected ports/volumes/envs.,fixed
16,warning,service_metadata_port_gap,Crafty,Apps/Crafty/docker-compose.yml,services.<main>.x-casaos.ports,"[""19132"", ""25500-25600"", ""8123"", ""8443""]","[""19132"", ""25565"", ""25566"", ""25567"", ""25568"", ""25569"", ""25570""]",compose declared service values that were not represented in service-level x-casaos metadata.,added missing service-level x-casaos metadata entries for the expected ports/volumes/envs.,fixed
17,warning,service_metadata_volume_gap,Crafty,Apps/Crafty/docker-compose.yml,services.<main>.x-casaos.volumes,"[""/crafty/app/config"", ""/crafty/backups"", ""/crafty/import"", ""/crafty/logs"", ""/crafty/servers""]",[],compose declared service values that were not represented in service-level x-casaos metadata.,added missing service-level x-casaos metadata entries for the expected ports/volumes/envs.,fixed
18,warning,service_metadata_env_gap,Crafty,Apps/Crafty/docker-compose.yml,services.<main>.x-casaos.envs,"[""TZ""]",[],compose declared service values that were not represented in service-level x-casaos metadata.,added missing service-level x-casaos metadata entries for the expected ports/volumes/envs.,fixed
19,error,appfile_image_repository_mismatch,Crafty,Apps/Crafty/appfile.json,container.image,registry.gitlab.com/crafty-controller/crafty-4,arcadiatechnology/crafty-4,compose main image is registry.gitlab.com/crafty-controller/crafty-4:4.4.11; appfile container.image was arcadiatechnology/crafty-4,set appfile container.image to compose main image registry.gitlab.com/crafty-controller/crafty-4:4.4.11,fixed
20,error,appfile_image_tag_mismatch,Crafty,Apps/Crafty/appfile.json,container.image,4.4.11,latest,compose main image is registry.gitlab.com/crafty-controller/crafty-4:4.4.11; appfile container.image was latest,set appfile container.image to compose main image registry.gitlab.com/crafty-controller/crafty-4:4.4.11,already_fixed_by_prior_row
21,error,asset_missing,Crafty,Apps/Crafty/appfile.json,thumbnail,Apps/Crafty/thumbnail.jpg,https://cdn.jsdelivr.net/gh/IceWhaleTech/CasaOS-AppStore@main/Apps/Crafty/thumbnail.jpg,asset URL points to missing local path Apps/Crafty/thumbnail.jpg,pointed asset URL to existing local file Apps/Crafty/thumbnail.png,fixed
22,warning,service_metadata_env_gap,DDNS-Updater,Apps/DDNS-Updater/docker-compose.yml,services.<main>.x-casaos.envs,"[""BACKUP_DIRECTORY"", ""BACKUP_PERIOD"", ""CONFIG"", ""HTTP_TIMEOUT"", ""LISTENING_ADDRESS"", ""LOG_CALLER"", ""LOG_LEVEL"", ""PERIOD"", ""PUBLICIPV4_HTTP_PROVIDERS"", ""PUBLICIPV6_HTTP_PROVIDERS"", ""PUBLICIP_DNS_PROVIDERS"", ""PUBLICIP_DNS_TIMEOUT"", ""PUBLICIP_FETCHERS"", ""PUBLICIP_HTTP_PROVIDERS"", ""ROOT_URL"", ""SHOUTRRR_ADDRESSES"", ""UPDATE_COOLDOWN_PERIOD""]",[],compose declared service values that were not represented in service-level x-casaos metadata.,added missing service-level x-casaos metadata entries for the expected ports/volumes/envs.,fixed
23,error,appfile_image_tag_mismatch,Deluge,Apps/Deluge/appfile.json,container.image,2.2.0,latest,compose main image is linuxserver/deluge:2.2.0; appfile container.image was latest,set appfile container.image to compose main image linuxserver/deluge:2.2.0,fixed
24,warning,appfile_update_date_mismatch,Deluge,Apps/Deluge/appfile.json,latest_update_date,2025-04-28,2021-12-23,compose x-casaos.updateAt is 2025-04-28; unix UTC timestamp is 1745798400; appfile value was 2021-12-23,set appfile latest_update_date to 1745798400,fixed
25,warning,service_metadata_env_gap,Dify,Apps/Dify/docker-compose.yml,services.<main>.x-casaos.envs,"[""APP_API_URL"", ""CONSOLE_API_URL""]",[],compose declared service values that were not represented in service-level x-casaos metadata.,added missing service-level x-casaos metadata entries for the expected ports/volumes/envs.,fixed
26,warning,service_metadata_port_gap,Downtify,Apps/Downtify/docker-compose.yml,services.<main>.x-casaos.ports,"[""8000""]",[],compose declared service values that were not represented in service-level x-casaos metadata.,added missing service-level x-casaos metadata entries for the expected ports/volumes/envs.,fixed
27,warning,service_metadata_volume_gap,DuckDNS,Apps/DuckDNS/docker-compose.yml,services.<main>.x-casaos.volumes,"[""/config""]",[],compose declared service values that were not represented in service-level x-casaos metadata.,added missing service-level x-casaos metadata entries for the expected ports/volumes/envs.,fixed
28,warning,service_metadata_env_gap,DuckDNS,Apps/DuckDNS/docker-compose.yml,services.<main>.x-casaos.envs,"[""LOG_FILE"", ""PGID"", ""PUID"", ""SUBDOMAINS"", ""TOKEN"", ""TZ"", ""UPDATE_IP""]",[],compose declared service values that were not represented in service-level x-casaos metadata.,added missing service-level x-casaos metadata entries for the expected ports/volumes/envs.,fixed
29,error,appfile_image_tag_mismatch,Duplicati,Apps/Duplicati/appfile.json,container.image,2.1.0,latest,compose main image is linuxserver/duplicati:2.1.0; appfile container.image was latest,set appfile container.image to compose main image linuxserver/duplicati:2.1.0,fixed
30,warning,service_metadata_env_gap,Emby_Nvidia,Apps/Emby_Nvidia/docker-compose.yml,services.<main>.x-casaos.envs,"[""CPU_FALLBACK"", ""NVIDIA_VISIBLE_DEVICES"", ""PGID"", ""PUID"", ""TZ""]","[""PGID"", ""PUID"", ""TZ""]",compose declared service values that were not represented in service-level x-casaos metadata.,added missing service-level x-casaos metadata entries for the expected ports/volumes/envs.,fixed
31,error,appfile_image_tag_mismatch,Embystat,Apps/Embystat/appfile.json,container.image,0.2.0,latest,compose main image is linuxserver/embystat:0.2.0; appfile container.image was latest,set appfile container.image to compose main image linuxserver/embystat:0.2.0,fixed
32,warning,service_metadata_port_gap,EmulatorJS,Apps/EmulatorJS/docker-compose.yml,services.<main>.x-casaos.ports,"[""3000"", ""4001"", ""80""]","[""3000"", ""80""]",compose declared service values that were not represented in service-level x-casaos metadata.,added missing service-level x-casaos metadata entries for the expected ports/volumes/envs.,fixed
33,warning,service_metadata_volume_gap,EmulatorJS,Apps/EmulatorJS/docker-compose.yml,services.<main>.x-casaos.volumes,"[""/config"", ""/data"", ""/data/nes/roms""]",[],compose declared service values that were not represented in service-level x-casaos metadata.,added missing service-level x-casaos metadata entries for the expected ports/volumes/envs.,fixed
34,warning,service_metadata_env_gap,EmulatorJS,Apps/EmulatorJS/docker-compose.yml,services.<main>.x-casaos.envs,"[""PGID"", ""PUID"", ""SUBFOLDER"", ""TZ""]",[],compose declared service values that were not represented in service-level x-casaos metadata.,added missing service-level x-casaos metadata entries for the expected ports/volumes/envs.,fixed
35,warning,service_metadata_port_gap,Filedrop,Apps/Filedrop/docker-compose.yml,services.<main>.x-casaos.ports,"[""8000""]",[],compose declared service values that were not represented in service-level x-casaos metadata.,added missing service-level x-casaos metadata entries for the expected ports/volumes/envs.,fixed
36,warning,service_metadata_port_gap,FileFlows,Apps/FileFlows/docker-compose.yml,services.<main>.x-casaos.ports,"[""5000""]",[],compose declared service values that were not represented in service-level x-casaos metadata.,added missing service-level x-casaos metadata entries for the expected ports/volumes/envs.,fixed
37,warning,service_metadata_volume_gap,FileFlows,Apps/FileFlows/docker-compose.yml,services.<main>.x-casaos.volumes,"[""/Media"", ""/app/Data"", ""/app/Logs"", ""/app/common"", ""/temp"", ""/var/run/docker.sock""]",[],compose declared service values that were not represented in service-level x-casaos metadata.,added missing service-level x-casaos metadata entries for the expected ports/volumes/envs.,fixed
38,warning,service_metadata_env_gap,FileFlows,Apps/FileFlows/docker-compose.yml,services.<main>.x-casaos.envs,"[""PGID"", ""PUID"", ""TZ""]",[],compose declared service values that were not represented in service-level x-casaos metadata.,added missing service-level x-casaos metadata entries for the expected ports/volumes/envs.,fixed
39,warning,service_metadata_volume_gap,Firefly,Apps/Firefly/docker-compose.yml,services.<main>.x-casaos.volumes,"[""/firefly/conf"", ""/lib/modules""]",[],compose declared service values that were not represented in service-level x-casaos metadata.,added missing service-level x-casaos metadata entries for the expected ports/volumes/envs.,fixed
40,warning,service_metadata_env_gap,Firefly,Apps/Firefly/docker-compose.yml,services.<main>.x-casaos.envs,"[""FIREFLY_PASSWORD""]",[],compose declared service values that were not represented in service-level x-casaos metadata.,added missing service-level x-casaos metadata entries for the expected ports/volumes/envs.,fixed
41,warning,service_metadata_port_gap,FlareSolverr,Apps/FlareSolverr/docker-compose.yml,services.<main>.x-casaos.ports,"[""8191""]",[],compose declared service values that were not represented in service-level x-casaos metadata.,added missing service-level x-casaos metadata entries for the expected ports/volumes/envs.,fixed
42,warning,service_metadata_env_gap,FlareSolverr,Apps/FlareSolverr/docker-compose.yml,services.<main>.x-casaos.envs,"[""CAPTCHA_SOLVER"", ""LOG_HTML"", ""LOG_LEVEL"", ""PGID"", ""PUID"", ""TZ"", ""UMASK""]",[],compose declared service values that were not represented in service-level x-casaos metadata.,added missing service-level x-casaos metadata entries for the expected ports/volumes/envs.,fixed
43,warning,service_metadata_port_gap,FlowiseAi,Apps/FlowiseAi/docker-compose.yml,services.<main>.x-casaos.ports,"[""3025""]",[],compose declared service values that were not represented in service-level x-casaos metadata.,added missing service-level x-casaos metadata entries for the expected ports/volumes/envs.,fixed
44,warning,service_metadata_volume_gap,FlowiseAi,Apps/FlowiseAi/docker-compose.yml,services.<main>.x-casaos.volumes,"[""/root/.flowise""]",[],compose declared service values that were not represented in service-level x-casaos metadata.,added missing service-level x-casaos metadata entries for the expected ports/volumes/envs.,fixed
45,warning,service_metadata_env_gap,FlowiseAi,Apps/FlowiseAi/docker-compose.yml,services.<main>.x-casaos.envs,"[""APIKEY_PATH"", ""BLOB_STORAGE_PATH"", ""DATABASE_PATH"", ""FLOWISE_PASSWORD"", ""FLOWISE_USERNAME"", ""LOG_PATH"", ""PORT"", ""SECRETKEY_PATH""]",[],compose declared service values that were not represented in service-level x-casaos metadata.,added missing service-level x-casaos metadata entries for the expected ports/volumes/envs.,fixed
46,error,appfile_image_tag_mismatch,Gitea,Apps/Gitea/appfile.json,container.image,1.25,1,compose main image is gitea/gitea:1.25; appfile container.image was 1,set appfile container.image to compose main image gitea/gitea:1.25,fixed
47,warning,appfile_update_date_mismatch,Gitea,Apps/Gitea/appfile.json,latest_update_date,2025-10-29,2022-11-03,compose x-casaos.updateAt is 2025-10-29; unix UTC timestamp is 1761696000; appfile value was 2022-11-03,set appfile latest_update_date to 1761696000,fixed
48,error,asset_missing,Gitea,Apps/Gitea/appfile.json,screenshots[0],Apps/Gitea/screenshot-1.jpg,https://cdn.jsdelivr.net/gh/IceWhaleTech/CasaOS-AppStore@main/Apps/Gitea/screenshot-1.jpg,asset URL points to missing local path Apps/Gitea/screenshot-1.jpg,pointed asset URL to existing local file Apps/Gitea/screenshot-1.png,fixed
49,error,asset_missing,Gitea,Apps/Gitea/appfile.json,screenshots[1],Apps/Gitea/screenshot-2.jpg,https://cdn.jsdelivr.net/gh/IceWhaleTech/CasaOS-AppStore@main/Apps/Gitea/screenshot-2.jpg,asset URL points to missing local path Apps/Gitea/screenshot-2.jpg,pointed asset URL to existing local file Apps/Gitea/screenshot-2.png,fixed
50,error,asset_missing,Gitea,Apps/Gitea/appfile.json,screenshots[2],Apps/Gitea/screenshot-3.jpg,https://cdn.jsdelivr.net/gh/IceWhaleTech/CasaOS-AppStore@main/Apps/Gitea/screenshot-3.jpg,asset URL points to missing local path Apps/Gitea/screenshot-3.jpg,pointed asset URL to existing local file Apps/Gitea/screenshot-3.png,fixed
51,error,asset_missing,Gitea,Apps/Gitea/appfile.json,screenshots[3],Apps/Gitea/screenshot-4.jpg,https://cdn.jsdelivr.net/gh/IceWhaleTech/CasaOS-AppStore@main/Apps/Gitea/screenshot-4.jpg,asset URL points to missing local path Apps/Gitea/screenshot-4.jpg,removed screenshot URL because no matching local asset exists,fixed
52,error,asset_missing,Gitea,Apps/Gitea/appfile.json,screenshots[4],Apps/Gitea/screenshot-5.jpg,https://cdn.jsdelivr.net/gh/IceWhaleTech/CasaOS-AppStore@main/Apps/Gitea/screenshot-5.jpg,asset URL points to missing local path Apps/Gitea/screenshot-5.jpg,removed screenshot URL because no matching local asset exists,fixed
53,error,asset_missing,Gitea,Apps/Gitea/appfile.json,screenshots[5],Apps/Gitea/screenshot-6.jpg,https://cdn.jsdelivr.net/gh/IceWhaleTech/CasaOS-AppStore@main/Apps/Gitea/screenshot-6.jpg,asset URL points to missing local path Apps/Gitea/screenshot-6.jpg,removed screenshot URL because no matching local asset exists,fixed
54,error,appfile_image_tag_mismatch,Grafana,Apps/Grafana/appfile.json,container.image,12.1.4,8.4.5,compose main image is grafana/grafana:12.1.4; appfile container.image was 8.4.5,set appfile container.image to compose main image grafana/grafana:12.1.4,fixed
55,warning,service_metadata_port_gap,Handbrake,Apps/Handbrake/docker-compose.yml,services.<main>.x-casaos.ports,"[""5800""]",[],compose declared service values that were not represented in service-level x-casaos metadata.,added missing service-level x-casaos metadata entries for the expected ports/volumes/envs.,fixed
56,warning,service_metadata_volume_gap,Handbrake,Apps/Handbrake/docker-compose.yml,services.<main>.x-casaos.volumes,"[""/config"", ""/output"", ""/storage"", ""/watch""]",[],compose declared service values that were not represented in service-level x-casaos metadata.,added missing service-level x-casaos metadata entries for the expected ports/volumes/envs.,fixed
57,warning,service_metadata_port_gap,HoloPlay,Apps/HoloPlay/docker-compose.yml,services.<main>.x-casaos.ports,"[""3000""]",[],compose declared service values that were not represented in service-level x-casaos metadata.,added missing service-level x-casaos metadata entries for the expected ports/volumes/envs.,fixed
58,warning,service_metadata_volume_gap,HomeAssistant,Apps/HomeAssistant/docker-compose.yml,services.<main>.x-casaos.volumes,"[""/config"", ""/etc/localtime"", ""/run/dbus""]","[""/config""]",compose declared service values that were not represented in service-level x-casaos metadata.,added missing service-level x-casaos metadata entries for the expected ports/volumes/envs.,fixed
59,warning,service_metadata_volume_gap,Homebridge,Apps/Homebridge/docker-compose.yml,services.<main>.x-casaos.volumes,"[""/homebridge""]",[],compose declared service values that were not represented in service-level x-casaos metadata.,added missing service-level x-casaos metadata entries for the expected ports/volumes/envs.,fixed
60,warning,service_metadata_port_gap,Immich,Apps/Immich/docker-compose.yml,services.<main>.x-casaos.ports,"[""2283""]",[],compose declared service values that were not represented in service-level x-casaos metadata.,added missing service-level x-casaos metadata entries for the expected ports/volumes/envs.,fixed
61,warning,service_metadata_volume_gap,Immich,Apps/Immich/docker-compose.yml,services.<main>.x-casaos.volumes,"[""/etc/localtime"", ""/usr/src/app/upload""]",[],compose declared service values that were not represented in service-level x-casaos metadata.,added missing service-level x-casaos metadata entries for the expected ports/volumes/envs.,fixed
62,warning,service_metadata_env_gap,Immich,Apps/Immich/docker-compose.yml,services.<main>.x-casaos.envs,"[""DB_DATABASE_NAME"", ""DB_PASSWORD"", ""DB_USERNAME""]",[],compose declared service values that were not represented in service-level x-casaos metadata.,added missing service-level x-casaos metadata entries for the expected ports/volumes/envs.,fixed
63,error,appfile_image_tag_mismatch,Jellyfin,Apps/Jellyfin/appfile.json,container.image,10.10.7,latest,compose main image is linuxserver/jellyfin:10.10.7; appfile container.image was latest,set appfile container.image to compose main image linuxserver/jellyfin:10.10.7,fixed
64,warning,appfile_update_date_mismatch,Jellyfin,Apps/Jellyfin/appfile.json,latest_update_date,2025-04-05,2021-12-23,compose x-casaos.updateAt is 2025-04-05; unix UTC timestamp is 1743811200; appfile value was 2021-12-23,set appfile latest_update_date to 1743811200,fixed
65,error,asset_missing,Jellyfin,Apps/Jellyfin/appfile.json,screenshots[0],Apps/Jellyfin/screenshot-1.jpg,https://cdn.jsdelivr.net/gh/IceWhaleTech/CasaOS-AppStore@main/Apps/Jellyfin/screenshot-1.jpg,asset URL points to missing local path Apps/Jellyfin/screenshot-1.jpg,pointed asset URL to existing local file Apps/Jellyfin/screenshot-1.png,fixed
66,error,asset_missing,Jellyfin,Apps/Jellyfin/appfile.json,screenshots[1],Apps/Jellyfin/screenshot-2.jpg,https://cdn.jsdelivr.net/gh/IceWhaleTech/CasaOS-AppStore@main/Apps/Jellyfin/screenshot-2.jpg,asset URL points to missing local path Apps/Jellyfin/screenshot-2.jpg,pointed asset URL to existing local file Apps/Jellyfin/screenshot-2.png,fixed
67,error,asset_missing,Jellyfin,Apps/Jellyfin/appfile.json,screenshots[2],Apps/Jellyfin/screenshot-3.jpg,https://cdn.jsdelivr.net/gh/IceWhaleTech/CasaOS-AppStore@main/Apps/Jellyfin/screenshot-3.jpg,asset URL points to missing local path Apps/Jellyfin/screenshot-3.jpg,pointed asset URL to existing local file Apps/Jellyfin/screenshot-3.png,fixed
68,error,asset_missing,Jellyfin,Apps/Jellyfin/appfile.json,screenshots[3],Apps/Jellyfin/screenshot-4.jpg,https://cdn.jsdelivr.net/gh/IceWhaleTech/CasaOS-AppStore@main/Apps/Jellyfin/screenshot-4.jpg,asset URL points to missing local path Apps/Jellyfin/screenshot-4.jpg,removed screenshot URL because no matching local asset exists,fixed
69,error,asset_missing,Jellyfin,Apps/Jellyfin/appfile.json,screenshots[4],Apps/Jellyfin/screenshot-5.jpg,https://cdn.jsdelivr.net/gh/IceWhaleTech/CasaOS-AppStore@main/Apps/Jellyfin/screenshot-5.jpg,asset URL points to missing local path Apps/Jellyfin/screenshot-5.jpg,removed screenshot URL because no matching local asset exists,fixed
70,warning,service_metadata_env_gap,Jellyfin_Nvidia,Apps/Jellyfin_Nvidia/docker-compose.yml,services.<main>.x-casaos.envs,"[""CPU_FALLBACK"", ""NVIDIA_VISIBLE_DEVICES"", ""PGID"", ""PUID"", ""TZ""]","[""JELLYFIN_PublishedServerUrl"", ""PGID"", ""PUID"", ""TZ""]",compose declared service values that were not represented in service-level x-casaos metadata.,added missing service-level x-casaos metadata entries for the expected ports/volumes/envs.,fixed
71,warning,service_metadata_port_gap,Jellyseerr,Apps/Jellyseerr/docker-compose.yml,services.<main>.x-casaos.ports,"[""5055""]",[],compose declared service values that were not represented in service-level x-casaos metadata.,added missing service-level x-casaos metadata entries for the expected ports/volumes/envs.,fixed
72,warning,service_metadata_volume_gap,Jellyseerr,Apps/Jellyseerr/docker-compose.yml,services.<main>.x-casaos.volumes,"[""/app/config""]",[],compose declared service values that were not represented in service-level x-casaos metadata.,added missing service-level x-casaos metadata entries for the expected ports/volumes/envs.,fixed
73,warning,service_metadata_env_gap,Jellyseerr,Apps/Jellyseerr/docker-compose.yml,services.<main>.x-casaos.envs,"[""LOG_LEVEL"", ""TZ""]",[],compose declared service values that were not represented in service-level x-casaos metadata.,added missing service-level x-casaos metadata entries for the expected ports/volumes/envs.,fixed
74,warning,service_metadata_port_gap,Jenkin,Apps/Jenkin/docker-compose.yml,services.<main>.x-casaos.ports,"[""8080""]",[],compose declared service values that were not represented in service-level x-casaos metadata.,added missing service-level x-casaos metadata entries for the expected ports/volumes/envs.,fixed
75,warning,service_metadata_volume_gap,Jenkin,Apps/Jenkin/docker-compose.yml,services.<main>.x-casaos.volumes,"[""/data"", ""/var/jenkins_home""]",[],compose declared service values that were not represented in service-level x-casaos metadata.,added missing service-level x-casaos metadata entries for the expected ports/volumes/envs.,fixed
76,warning,service_metadata_env_gap,Komga,Apps/Komga/docker-compose.yml,services.<main>.x-casaos.envs,"[""PGID"", ""PUID""]",[],compose declared service values that were not represented in service-level x-casaos metadata.,added missing service-level x-casaos metadata entries for the expected ports/volumes/envs.,fixed
77,warning,service_metadata_port_gap,LabelStudio,Apps/LabelStudio/docker-compose.yml,services.<main>.x-casaos.ports,"[""8080""]","[""3080""]",compose declared service values that were not represented in service-level x-casaos metadata.,added missing service-level x-casaos metadata entries for the expected ports/volumes/envs.,fixed
78,warning,service_metadata_volume_gap,LabelStudio,Apps/LabelStudio/docker-compose.yml,services.<main>.x-casaos.volumes,"[""/label-studio/data""]",[],compose declared service values that were not represented in service-level x-casaos metadata.,added missing service-level x-casaos metadata entries for the expected ports/volumes/envs.,fixed
79,warning,service_metadata_env_gap,LabelStudio,Apps/LabelStudio/docker-compose.yml,services.<main>.x-casaos.envs,"[""PGID"", ""PUID"", ""TZ""]","[""TZ""]",compose declared service values that were not represented in service-level x-casaos metadata.,added missing service-level x-casaos metadata entries for the expected ports/volumes/envs.,fixed
80,error,appfile_image_tag_mismatch,Lazylibrarian,Apps/Lazylibrarian/appfile.json,container.image,version-169e669f,latest,compose main image is linuxserver/lazylibrarian:version-169e669f; appfile container.image was latest,set appfile container.image to compose main image linuxserver/lazylibrarian:version-169e669f,fixed
81,warning,service_metadata_env_gap,LibreChat,Apps/LibreChat/docker-compose.yml,services.<main>.x-casaos.envs,"[""ALLOW_EMAIL_LOGIN"", ""ALLOW_PASSWORD_RESET"", ""ALLOW_REGISTRATION"", ""ALLOW_SOCIAL_LOGIN"", ""ALLOW_SOCIAL_REGISTRATION"", ""ALLOW_UNVERIFIED_EMAIL_LOGIN"", ""ANTHROPIC_API_KEY"", ""ASSISTANTS_API_KEY"", ""BAN_DURATION"", ""BAN_INTERVAL"", ""BAN_VIOLATIONS"", ""CONCURRENT_MESSAGE_MAX"", ""CONCURRENT_VIOLATION_SCORE"", ""CONSOLE_JSON"", ""CREDS_IV"", ""CREDS_KEY"", ""DEBUG_CONSOLE"", ""DEBUG_LOGGING"", ""DEBUG_OPENAI"", ""DEBUG_PLUGINS"", ""DOMAIN_CLIENT"", ""DOMAIN_SERVER"", ""FILE_UPLOAD_VIOLATION_SCORE"", ""FORK_VIOLATION_SCORE"", ""GOOGLE_KEY"", ""HOST"", ""ILLEGAL_MODEL_REQ_SCORE"", ""IMPORT_VIOLATION_SCORE"", ""JWT_REFRESH_SECRET"", ""JWT_SECRET"", ""LIMIT_CONCURRENT_MESSAGES"", ""LIMIT_MESSAGE_IP"", ""LIMIT_MESSAGE_USER"", ""LOGIN_MAX"", ""LOGIN_VIOLATION_SCORE"", ""LOGIN_WINDOW"", ""MEILI_HOST"", ""MEILI_NO_ANALYTICS"", ""MESSAGE_IP_MAX"", ""MESSAGE_IP_WINDOW"", ""MESSAGE_USER_MAX"", ""MESSAGE_USER_WINDOW"", ""MESSAGE_VIOLATION_SCORE"", ""MONGO_URI"", ""NON_BROWSER_VIOLATION_SCORE"", ""NO_INDEX"", ""OPENAI_API_KEY"", ""OPENAI_MODERATION"", ""PORT"", ""RAG_API_URL"", ""RAG_PORT"", ""REFRESH_TOKEN_EXPIRY"", ""REGISTER_MAX"", ""REGISTER_WINDOW"", ""REGISTRATION_VIOLATION_SCORE"", ""SEARCH"", ""SESSION_EXPIRY"", ""STT_VIOLATION_SCORE"", ""TRUST_PROXY"", ""TTS_VIOLATION_SCORE""]","[""HOST"", ""JWT_REFRESH_SECRET"", ""JWT_SECRET"", ""MEILI_HOST"", ""MEILI_NO_ANALYTICS"", ""MONGO_URI"", ""OPENAI_MODERATION"", ""RAG_API_URL"", ""RAG_PORT"", ""SEARCH""]",compose declared service values that were not represented in service-level x-casaos metadata.,added missing service-level x-casaos metadata entries for the expected ports/volumes/envs.,fixed
82,error,appfile_image_tag_mismatch,Lidarr,Apps/Lidarr/appfile.json,container.image,3.1.0,latest,compose main image is linuxserver/lidarr:3.1.0; appfile container.image was latest,set appfile container.image to compose main image linuxserver/lidarr:3.1.0,fixed
83,warning,service_metadata_port_gap,Logseq,Apps/Logseq/docker-compose.yml,services.<main>.x-casaos.ports,"[""12315"", ""3000""]","[""3325""]",compose declared service values that were not represented in service-level x-casaos metadata.,added missing service-level x-casaos metadata entries for the expected ports/volumes/envs.,fixed
84,warning,service_metadata_env_gap,Logseq,Apps/Logseq/docker-compose.yml,services.<main>.x-casaos.envs,"[""PGID"", ""PUID""]",[],compose declared service values that were not represented in service-level x-casaos metadata.,added missing service-level x-casaos metadata entries for the expected ports/volumes/envs.,fixed
85,warning,service_metadata_volume_gap,Lucky,Apps/Lucky/docker-compose.yml,services.<main>.x-casaos.volumes,"[""/goodluck""]",[],compose declared service values that were not represented in service-level x-casaos metadata.,added missing service-level x-casaos metadata entries for the expected ports/volumes/envs.,fixed
86,warning,service_metadata_env_gap,Lucky,Apps/Lucky/docker-compose.yml,services.<main>.x-casaos.envs,"[""TZ""]",[],compose declared service values that were not represented in service-level x-casaos metadata.,added missing service-level x-casaos metadata entries for the expected ports/volumes/envs.,fixed
87,warning,service_metadata_port_gap,MariaDB,Apps/MariaDB/docker-compose.yml,services.<main>.x-casaos.ports,"[""3306""]",[],compose declared service values that were not represented in service-level x-casaos metadata.,added missing service-level x-casaos metadata entries for the expected ports/volumes/envs.,fixed
88,warning,service_metadata_volume_gap,MariaDB,Apps/MariaDB/docker-compose.yml,services.<main>.x-casaos.volumes,"[""/config""]",[],compose declared service values that were not represented in service-level x-casaos metadata.,added missing service-level x-casaos metadata entries for the expected ports/volumes/envs.,fixed
89,warning,service_metadata_env_gap,Maybe,Apps/Maybe/docker-compose.yml,services.<main>.x-casaos.envs,"[""DB_HOST"", ""DB_PORT"", ""OPENAI_ACCESS_TOKEN"", ""POSTGRES_DB"", ""POSTGRES_PASSWORD"", ""POSTGRES_USER"", ""RAILS_ASSUME_SSL"", ""RAILS_FORCE_SSL"", ""REDIS_URL"", ""SECRET_KEY_BASE"", ""SELF_HOSTED""]",[],compose declared service values that were not represented in service-level x-casaos metadata.,added missing service-level x-casaos metadata entries for the expected ports/volumes/envs.,fixed
90,warning,service_metadata_port_gap,Medusa,Apps/Medusa/docker-compose.yml,services.<main>.x-casaos.ports,"[""8081""]",[],compose declared service values that were not represented in service-level x-casaos metadata.,added missing service-level x-casaos metadata entries for the expected ports/volumes/envs.,fixed
91,warning,service_metadata_volume_gap,Medusa,Apps/Medusa/docker-compose.yml,services.<main>.x-casaos.volumes,"[""/config"", ""/downloads"", ""/tv""]",[],compose declared service values that were not represented in service-level x-casaos metadata.,added missing service-level x-casaos metadata entries for the expected ports/volumes/envs.,fixed
92,warning,service_metadata_env_gap,Medusa,Apps/Medusa/docker-compose.yml,services.<main>.x-casaos.envs,"[""TZ""]",[],compose declared service values that were not represented in service-level x-casaos metadata.,added missing service-level x-casaos metadata entries for the expected ports/volumes/envs.,fixed
93,error,appfile_json_error,Memos,Apps/Memos/appfile.json,appfile.json,valid JSON,line 76: Illegal trailing comma before end of array,appfile JSON parser reported line 76: Illegal trailing comma before end of array,removed illegal trailing comma before array/object close,fixed
94,warning,service_metadata_port_gap,MineOS,Apps/MineOS/docker-compose.yml,services.<main>.x-casaos.ports,"[""25565-25570"", ""8443""]","[""25565"", ""25566"", ""25567"", ""25568"", ""25569"", ""25570"", ""8443""]",compose declared service values that were not represented in service-level x-casaos metadata.,added missing service-level x-casaos metadata entries for the expected ports/volumes/envs.,fixed
95,error,appfile_image_tag_mismatch,Mylar3,Apps/Mylar3/appfile.json,container.image,0.8.3,latest,compose main image is linuxserver/mylar3:0.8.3; appfile container.image was latest,set appfile container.image to compose main image linuxserver/mylar3:0.8.3,fixed
96,warning,service_metadata_env_gap,N8n,Apps/N8n/docker-compose.yml,services.<main>.x-casaos.envs,"[""N8N_SECURE_COOKIE"", ""TZ""]","[""TZ""]",compose declared service values that were not represented in service-level x-casaos metadata.,added missing service-level x-casaos metadata entries for the expected ports/volumes/envs.,fixed
97,error,appfile_image_tag_mismatch,N8n,Apps/N8n/appfile.json,container.image,1.123.0,latest,compose main image is n8nio/n8n:1.123.0; appfile container.image was latest,set appfile container.image to compose main image n8nio/n8n:1.123.0,fixed
98,warning,appfile_update_date_mismatch,N8n,Apps/N8n/appfile.json,latest_update_date,2025-12-01,2022-08-10,compose x-casaos.updateAt is 2025-12-01; unix UTC timestamp is 1764547200; appfile value was 2022-08-10,set appfile latest_update_date to 1764547200,fixed
99,warning,service_metadata_port_gap,Netdata,Apps/Netdata/docker-compose.yml,services.<main>.x-casaos.ports,"[""19999""]",[],compose declared service values that were not represented in service-level x-casaos metadata.,added missing service-level x-casaos metadata entries for the expected ports/volumes/envs.,fixed
100,warning,service_metadata_volume_gap,Netdata,Apps/Netdata/docker-compose.yml,services.<main>.x-casaos.volumes,"[""/etc/netdata"", ""/host/etc/group"", ""/host/etc/os-release"", ""/host/etc/passwd"", ""/host/proc"", ""/host/sys"", ""/var/cache/netdata"", ""/var/lib/netdata"", ""/var/run/docker.sock""]",[],compose declared service values that were not represented in service-level x-casaos metadata.,added missing service-level x-casaos metadata entries for the expected ports/volumes/envs.,fixed
101,error,appfile_image_tag_mismatch,Nextcloud,Apps/Nextcloud/appfile.json,container.image,32.0,latest,compose main image is nextcloud:32.0; appfile container.image was latest,set appfile container.image to compose main image nextcloud:32.0,fixed
102,warning,appfile_update_date_mismatch,Nextcloud,Apps/Nextcloud/appfile.json,latest_update_date,2025-09-27,2021-12-27,compose x-casaos.updateAt is 2025-09-27; unix UTC timestamp is 1758931200; appfile value was 2021-12-27,set appfile latest_update_date to 1758931200,fixed
103,error,asset_missing,Nextcloud,Apps/Nextcloud/appfile.json,thumbnail,Apps/Nextcloud/thumbnail.jpg,https://cdn.jsdelivr.net/gh/IceWhaleTech/CasaOS-AppStore@main/Apps/Nextcloud/thumbnail.jpg,asset URL points to missing local path Apps/Nextcloud/thumbnail.jpg,pointed asset URL to existing local file Apps/Nextcloud/thumbnail.png,fixed
104,error,appfile_image_tag_mismatch,NginxProxyManager,Apps/NginxProxyManager/appfile.json,container.image,2.13.5,latest,compose main image is jc21/nginx-proxy-manager:2.13.5; appfile container.image was latest,set appfile container.image to compose main image jc21/nginx-proxy-manager:2.13.5,fixed
105,warning,appfile_update_date_mismatch,NginxProxyManager,Apps/NginxProxyManager/appfile.json,latest_update_date,2025-11-18,2022-11-02,compose x-casaos.updateAt is 2025-11-18; unix UTC timestamp is 1763424000; appfile value was 2022-11-02,set appfile latest_update_date to 1763424000,fixed
106,error,appfile_image_tag_mismatch,Node-RED,Apps/Node-RED/appfile.json,container.image,4.1.2,3.1.0-18,compose main image is nodered/node-red:4.1.2; appfile container.image was 3.1.0-18,set appfile container.image to compose main image nodered/node-red:4.1.2,fixed
107,error,asset_missing,Node-RED,Apps/Node-RED/appfile.json,thumbnail,Apps/Node-RED/thumbnail.png,https://cdn.jsdelivr.net/gh/IceWhaleTech/CasaOS-AppStore@main/Apps/Node-RED/thumbnail.png,asset URL points to missing local path Apps/Node-RED/thumbnail.png,renamed local asset thimbnail.png -> thumbnail.png,fixed
108,error,appfile_image_tag_mismatch,Nzbget,Apps/Nzbget/appfile.json,container.image,25.4.20251205,latest,compose main image is linuxserver/nzbget:25.4.20251205; appfile container.image was latest,set appfile container.image to compose main image linuxserver/nzbget:25.4.20251205,fixed
109,error,appfile_image_tag_mismatch,Ombi,Apps/Ombi/appfile.json,container.image,4.47.1,latest,compose main image is linuxserver/ombi:4.47.1; appfile container.image was latest,set appfile container.image to compose main image linuxserver/ombi:4.47.1,fixed
110,warning,service_metadata_volume_gap,OpenHAB,Apps/OpenHAB/docker-compose.yml,services.<main>.x-casaos.volumes,"[""/etc/localtime"", ""/etc/timezone"", ""/openhab/addons"", ""/openhab/conf"", ""/openhab/userdata""]","[""/etc/localtime"", ""/etc/timezone"", ""/opt/openhab/addons"", ""/opt/openhab/conf"", ""/opt/openhab/userdata""]",compose declared service values that were not represented in service-level x-casaos metadata.,added missing service-level x-casaos metadata entries for the expected ports/volumes/envs.,fixed
111,error,appfile_image_tag_mismatch,OpenHAB,Apps/OpenHAB/appfile.json,container.image,4.3.3,latest-debian,compose main image is openhab/openhab:4.3.3; appfile container.image was latest-debian,set appfile container.image to compose main image openhab/openhab:4.3.3,fixed
112,warning,appfile_update_date_mismatch,OpenHAB,Apps/OpenHAB/appfile.json,latest_update_date,2025-02-20,2022-12-11,compose x-casaos.updateAt is 2025-02-20; unix UTC timestamp is 1740009600; appfile value was 2022-12-11,set appfile latest_update_date to 1740009600,fixed
113,error,appfile_image_tag_mismatch,OpenSpeedTest,Apps/OpenSpeedTest/appfile.json,container.image,v2.0.6,latest,compose main image is openspeedtest/latest:v2.0.6; appfile container.image was latest,set appfile container.image to compose main image openspeedtest/latest:v2.0.6,fixed
114,warning,service_metadata_port_gap,OpenWebUI,Apps/OpenWebUI/docker-compose.yml,services.<main>.x-casaos.ports,"[""8080""]",[],compose declared service values that were not represented in service-level x-casaos metadata.,added missing service-level x-casaos metadata entries for the expected ports/volumes/envs.,fixed
115,warning,service_metadata_volume_gap,OpenWebUI,Apps/OpenWebUI/docker-compose.yml,services.<main>.x-casaos.volumes,"[""/app/backend/data"", ""/root/.ollama""]",[],compose declared service values that were not represented in service-level x-casaos metadata.,added missing service-level x-casaos metadata entries for the expected ports/volumes/envs.,fixed
116,warning,service_metadata_env_gap,OpenWebUI,Apps/OpenWebUI/docker-compose.yml,services.<main>.x-casaos.envs,"[""CPU_FALLBACK"", ""NVIDIA_VISIBLE_DEVICES""]",[],compose declared service values that were not represented in service-level x-casaos metadata.,added missing service-level x-casaos metadata entries for the expected ports/volumes/envs.,fixed
117,warning,service_metadata_env_gap,PdfDing,Apps/PdfDing/docker-compose.yml,services.<main>.x-casaos.envs,"[""CSRF_COOKIE_SECURE"", ""DEBUG"", ""HOST_NAME"", ""SECRET_KEY"", ""SESSION_COOKIE_SECURE""]",[],compose declared service values that were not represented in service-level x-casaos metadata.,added missing service-level x-casaos metadata entries for the expected ports/volumes/envs.,fixed
118,error,appfile_image_tag_mismatch,PhotoPrism,Apps/PhotoPrism/appfile.json,container.image,250228,latest,compose main image is photoprism/photoprism:250228; appfile container.image was latest,set appfile container.image to compose main image photoprism/photoprism:250228,fixed
119,warning,appfile_update_date_mismatch,PhotoPrism,Apps/PhotoPrism/appfile.json,latest_update_date,2025-03-18,2021-12-27,compose x-casaos.updateAt is 2025-03-18; unix UTC timestamp is 1742256000; appfile value was 2021-12-27,set appfile latest_update_date to 1742256000,fixed
120,error,asset_missing,PhotoPrism,Apps/PhotoPrism/appfile.json,screenshots[0],Apps/PhotoPrism/screenshot-1.jpg,https://cdn.jsdelivr.net/gh/IceWhaleTech/CasaOS-AppStore@main/Apps/PhotoPrism/screenshot-1.jpg,asset URL points to missing local path Apps/PhotoPrism/screenshot-1.jpg,pointed asset URL to existing local file Apps/PhotoPrism/screenshot-1.png,fixed
121,error,asset_missing,PhotoPrism,Apps/PhotoPrism/appfile.json,screenshots[1],Apps/PhotoPrism/screenshot-2.jpg,https://cdn.jsdelivr.net/gh/IceWhaleTech/CasaOS-AppStore@main/Apps/PhotoPrism/screenshot-2.jpg,asset URL points to missing local path Apps/PhotoPrism/screenshot-2.jpg,pointed asset URL to existing local file Apps/PhotoPrism/screenshot-2.png,fixed
122,error,asset_missing,PhotoPrism,Apps/PhotoPrism/appfile.json,screenshots[2],Apps/PhotoPrism/screenshot-3.jpg,https://cdn.jsdelivr.net/gh/IceWhaleTech/CasaOS-AppStore@main/Apps/PhotoPrism/screenshot-3.jpg,asset URL points to missing local path Apps/PhotoPrism/screenshot-3.jpg,pointed asset URL to existing local file Apps/PhotoPrism/screenshot-3.png,fixed
123,error,appfile_image_tag_mismatch,Pihole,Apps/Pihole/appfile.json,container.image,2025.11.1,latest,compose main image is pihole/pihole:2025.11.1; appfile container.image was latest,set appfile container.image to compose main image pihole/pihole:2025.11.1,fixed
124,warning,appfile_update_date_mismatch,Pihole,Apps/Pihole/appfile.json,latest_update_date,2025-12-23,2021-12-28,compose x-casaos.updateAt is 2025-12-23; unix UTC timestamp is 1766448000; appfile value was 2021-12-28,set appfile latest_update_date to 1766448000,fixed
125,error,asset_missing,Pihole,Apps/Pihole/appfile.json,thumbnail,Apps/Pihole/thumbnail.jpg,https://cdn.jsdelivr.net/gh/IceWhaleTech/CasaOS-AppStore@main/Apps/Pihole/thumbnail.jpg,asset URL points to missing local path Apps/Pihole/thumbnail.jpg,renamed local asset thumbnaill.jpg -> thumbnail.jpg,fixed
126,warning,service_metadata_env_gap,Pinchflat,Apps/Pinchflat/docker-compose.yml,services.<main>.x-casaos.envs,"[""PGID"", ""PUID"", ""TZ""]",[],compose declared service values that were not represented in service-level x-casaos metadata.,added missing service-level x-casaos metadata entries for the expected ports/volumes/envs.,fixed
127,warning,service_metadata_env_gap,Plex_Nvidia,Apps/Plex_Nvidia/docker-compose.yml,services.<main>.x-casaos.envs,"[""CPU_FALLBACK"", ""NVIDIA_VISIBLE_DEVICES"", ""PGID"", ""PUID"", ""VERSION""]","[""PGID"", ""PUID"", ""VERSION""]",compose declared service values that were not represented in service-level x-casaos metadata.,added missing service-level x-casaos metadata entries for the expected ports/volumes/envs.,fixed
128,warning,service_metadata_port_gap,PocketBase,Apps/PocketBase/docker-compose.yml,services.<main>.x-casaos.ports,"[""8090""]",[],compose declared service values that were not represented in service-level x-casaos metadata.,added missing service-level x-casaos metadata entries for the expected ports/volumes/envs.,fixed
129,warning,service_metadata_volume_gap,PocketBase,Apps/PocketBase/docker-compose.yml,services.<main>.x-casaos.volumes,"[""/pb_data""]",[],compose declared service values that were not represented in service-level x-casaos metadata.,added missing service-level x-casaos metadata entries for the expected ports/volumes/envs.,fixed
130,warning,service_metadata_port_gap,Portainer,Apps/Portainer/docker-compose.yml,services.<main>.x-casaos.ports,"[""8000"", ""9000"", ""9443""]","[""9000"", ""9443""]",compose declared service values that were not represented in service-level x-casaos metadata.,added missing service-level x-casaos metadata entries for the expected ports/volumes/envs.,fixed
131,warning,service_metadata_volume_gap,Portainer,Apps/Portainer/docker-compose.yml,services.<main>.x-casaos.volumes,"[""/data"", ""/var/run/docker.sock""]","[""/data""]",compose declared service values that were not represented in service-level x-casaos metadata.,added missing service-level x-casaos metadata entries for the expected ports/volumes/envs.,fixed
132,warning,service_metadata_port_gap,PostgreSQL,Apps/PostgreSQL/docker-compose.yml,services.<main>.x-casaos.ports,"[""5432""]",[],compose declared service values that were not represented in service-level x-casaos metadata.,added missing service-level x-casaos metadata entries for the expected ports/volumes/envs.,fixed
133,error,appfile_image_repository_mismatch,qBittorrent,Apps/qBittorrent/appfile.json,container.image,ghcr.io/hotio/qbittorrent,hotio/qbittorrent,compose main image is ghcr.io/hotio/qbittorrent:release-5.0.4; appfile container.image was hotio/qbittorrent,set appfile container.image to compose main image ghcr.io/hotio/qbittorrent:release-5.0.4,fixed
134,error,appfile_image_tag_mismatch,qBittorrent,Apps/qBittorrent/appfile.json,container.image,release-5.0.4,latest,compose main image is ghcr.io/hotio/qbittorrent:release-5.0.4; appfile container.image was latest,set appfile container.image to compose main image ghcr.io/hotio/qbittorrent:release-5.0.4,already_fixed_by_prior_row
135,warning,appfile_update_date_mismatch,qBittorrent,Apps/qBittorrent/appfile.json,latest_update_date,2025-02-18,2021-12-27,compose x-casaos.updateAt is 2025-02-18; unix UTC timestamp is 1739836800; appfile value was 2021-12-27,set appfile latest_update_date to 1739836800,fixed
136,error,asset_missing,qBittorrent,Apps/qBittorrent/appfile.json,thumbnail,Apps/qBittorrent/thumbnail.jpg,https://cdn.jsdelivr.net/gh/IceWhaleTech/CasaOS-AppStore@main/Apps/qBittorrent/thumbnail.jpg,asset URL points to missing local path Apps/qBittorrent/thumbnail.jpg,pointed asset URL to existing local file Apps/qBittorrent/thumbnail.png,fixed
137,error,asset_missing,qBittorrent,Apps/qBittorrent/appfile.json,screenshots[0],Apps/qBittorrent/screenshot-1.jpg,https://cdn.jsdelivr.net/gh/IceWhaleTech/CasaOS-AppStore@main/Apps/qBittorrent/screenshot-1.jpg,asset URL points to missing local path Apps/qBittorrent/screenshot-1.jpg,pointed asset URL to existing local file Apps/qBittorrent/screenshot-1.png,fixed
138,error,asset_missing,qBittorrent,Apps/qBittorrent/appfile.json,screenshots[1],Apps/qBittorrent/screenshot-2.jpg,https://cdn.jsdelivr.net/gh/IceWhaleTech/CasaOS-AppStore@main/Apps/qBittorrent/screenshot-2.jpg,asset URL points to missing local path Apps/qBittorrent/screenshot-2.jpg,pointed asset URL to existing local file Apps/qBittorrent/screenshot-2.png,fixed
139,error,appfile_image_tag_mismatch,Radarr,Apps/Radarr/appfile.json,container.image,6.1.1,latest,compose main image is linuxserver/radarr:6.1.1; appfile container.image was latest,set appfile container.image to compose main image linuxserver/radarr:6.1.1,fixed
140,warning,appfile_update_date_mismatch,Radarr,Apps/Radarr/appfile.json,latest_update_date,2026-03-26,2021-12-27,compose x-casaos.updateAt is 2026-03-26; unix UTC timestamp is 1774483200; appfile value was 2021-12-27,set appfile latest_update_date to 1774483200,fixed
141,warning,service_metadata_port_gap,RDTClient,Apps/RDTClient/docker-compose.yml,services.<main>.x-casaos.ports,"[""6500""]",[],compose declared service values that were not represented in service-level x-casaos metadata.,added missing service-level x-casaos metadata entries for the expected ports/volumes/envs.,fixed
142,warning,service_metadata_volume_gap,RDTClient,Apps/RDTClient/docker-compose.yml,services.<main>.x-casaos.volumes,"[""/data/db"", ""/data/downloads""]",[],compose declared service values that were not represented in service-level x-casaos metadata.,added missing service-level x-casaos metadata entries for the expected ports/volumes/envs.,fixed
143,warning,service_metadata_env_gap,RDTClient,Apps/RDTClient/docker-compose.yml,services.<main>.x-casaos.envs,"[""PGID"", ""PUID"", ""TZ"", ""UMASK""]",[],compose declared service values that were not represented in service-level x-casaos metadata.,added missing service-level x-casaos metadata entries for the expected ports/volumes/envs.,fixed
144,error,appfile_image_tag_mismatch,Readarr,Apps/Readarr/appfile.json,container.image,0.3.10-develop,0.1.1-nightly,compose main image is linuxserver/readarr:0.3.10-develop; appfile container.image was 0.1.1-nightly,set appfile container.image to compose main image linuxserver/readarr:0.3.10-develop,fixed
145,warning,service_metadata_port_gap,Resilio-sync,Apps/Resilio-sync/docker-compose.yml,services.<main>.x-casaos.ports,"[""55555"", ""8888""]",[],compose declared service values that were not represented in service-level x-casaos metadata.,added missing service-level x-casaos metadata entries for the expected ports/volumes/envs.,fixed
146,warning,service_metadata_volume_gap,Resilio-sync,Apps/Resilio-sync/docker-compose.yml,services.<main>.x-casaos.volumes,"[""/config"", ""/downloads"", ""/sync""]",[],compose declared service values that were not represented in service-level x-casaos metadata.,added missing service-level x-casaos metadata entries for the expected ports/volumes/envs.,fixed
147,warning,service_metadata_env_gap,Resilio-sync,Apps/Resilio-sync/docker-compose.yml,services.<main>.x-casaos.envs,"[""PGID"", ""PUID"", ""TZ""]",[],compose declared service values that were not represented in service-level x-casaos metadata.,added missing service-level x-casaos metadata entries for the expected ports/volumes/envs.,fixed
148,warning,service_metadata_volume_gap,RomM,Apps/RomM/docker-compose.yml,services.<main>.x-casaos.volumes,"[""/redis-data"", ""/romm/assets"", ""/romm/config"", ""/romm/library"", ""/romm/resources""]","[""/romm/assets"", ""/romm/config"", ""/romm/library"", ""/romm/redis-data"", ""/romm/resources""]",compose declared service values that were not represented in service-level x-casaos metadata.,added missing service-level x-casaos metadata entries for the expected ports/volumes/envs.,fixed
149,error,appfile_image_tag_mismatch,Sabnzbd,Apps/Sabnzbd/appfile.json,container.image,4.1.0,latest,compose main image is linuxserver/sabnzbd:4.1.0; appfile container.image was latest,set appfile container.image to compose main image linuxserver/sabnzbd:4.1.0,fixed
150,error,appfile_image_tag_mismatch,Sickchill,Apps/Sickchill/appfile.json,container.image,2023.6.27,latest,compose main image is linuxserver/sickchill:2023.6.27; appfile container.image was latest,set appfile container.image to compose main image linuxserver/sickchill:2023.6.27,fixed
151,warning,service_metadata_env_gap,Siyuan-Note,Apps/Siyuan-Note/docker-compose.yml,services.<main>.x-casaos.envs,"[""PGID"", ""PUID""]","[""TZ"", ""accessAuthCode""]",compose declared service values that were not represented in service-level x-casaos metadata.,added missing service-level x-casaos metadata entries for the expected ports/volumes/envs.,fixed
152,error,appfile_image_tag_mismatch,Siyuan-Note,Apps/Siyuan-Note/appfile.json,container.image,v3.0.1,2.10.6,compose main image is b3log/siyuan:v3.0.1; appfile container.image was 2.10.6,set appfile container.image to compose main image b3log/siyuan:v3.0.1,fixed
153,warning,appfile_update_date_invalid,Siyuan-Note,Apps/Siyuan-Note/appfile.json,latest_update_date,unix timestamp,2023.09.19,compose x-casaos.updateAt is 2024-02-27; unix UTC timestamp is 1708992000; appfile value was 2023.09.19,set appfile latest_update_date to 1708992000,fixed
154,error,asset_missing,Siyuan-Note,Apps/Siyuan-Note/appfile.json,screenshots[0],Apps/Siyuan-Note/screenshot-1.jpg,https://cdn.jsdelivr.net/gh/IceWhaleTech/CasaOS-AppStore@main/Apps/Siyuan-Note/screenshot-1.jpg,asset URL points to missing local path Apps/Siyuan-Note/screenshot-1.jpg,pointed asset URL to existing local file Apps/Siyuan-Note/screenshot-1.png,fixed
155,error,asset_missing,Siyuan-Note,Apps/Siyuan-Note/appfile.json,screenshots[1],Apps/Siyuan-Note/screenshot-2.jpg,https://cdn.jsdelivr.net/gh/IceWhaleTech/CasaOS-AppStore@main/Apps/Siyuan-Note/screenshot-2.jpg,asset URL points to missing local path Apps/Siyuan-Note/screenshot-2.jpg,pointed asset URL to existing local file Apps/Siyuan-Note/screenshot-2.png,fixed
156,error,asset_missing,Siyuan-Note,Apps/Siyuan-Note/appfile.json,screenshots[2],Apps/Siyuan-Note/screenshot-3.jpg,https://cdn.jsdelivr.net/gh/IceWhaleTech/CasaOS-AppStore@main/Apps/Siyuan-Note/screenshot-3.jpg,asset URL points to missing local path Apps/Siyuan-Note/screenshot-3.jpg,pointed asset URL to existing local file Apps/Siyuan-Note/screenshot-3.png,fixed
157,error,appfile_image_tag_mismatch,Smokeping,Apps/Smokeping/appfile.json,container.image,2.8.2,latest,compose main image is linuxserver/smokeping:2.8.2; appfile container.image was latest,set appfile container.image to compose main image linuxserver/smokeping:2.8.2,fixed
158,warning,service_metadata_port_gap,Snapdrop,Apps/Snapdrop/docker-compose.yml,services.<main>.x-casaos.ports,"[""443"", ""80""]",[],compose declared service values that were not represented in service-level x-casaos metadata.,added missing service-level x-casaos metadata entries for the expected ports/volumes/envs.,fixed
159,warning,service_metadata_volume_gap,Snapdrop,Apps/Snapdrop/docker-compose.yml,services.<main>.x-casaos.volumes,"[""/config""]",[],compose declared service values that were not represented in service-level x-casaos metadata.,added missing service-level x-casaos metadata entries for the expected ports/volumes/envs.,fixed
160,warning,service_metadata_env_gap,Snapdrop,Apps/Snapdrop/docker-compose.yml,services.<main>.x-casaos.envs,"[""PGID"", ""PUID"", ""TZ""]",[],compose declared service values that were not represented in service-level x-casaos metadata.,added missing service-level x-casaos metadata entries for the expected ports/volumes/envs.,fixed
161,error,appfile_image_tag_mismatch,Sonarr,Apps/Sonarr/appfile.json,container.image,4.0.17,latest,compose main image is linuxserver/sonarr:4.0.17; appfile container.image was latest,set appfile container.image to compose main image linuxserver/sonarr:4.0.17,fixed
162,warning,appfile_update_date_mismatch,Sonarr,Apps/Sonarr/appfile.json,latest_update_date,2026-05-04,2021-12-27,compose x-casaos.updateAt is 2026-05-04; unix UTC timestamp is 1777852800; appfile value was 2021-12-27,set appfile latest_update_date to 1777852800,fixed
163,warning,service_metadata_port_gap,StableDiffusionWebUI,Apps/StableDiffusionWebUI/docker-compose.yml,services.<main>.x-casaos.ports,"[""7860""]",[],compose declared service values that were not represented in service-level x-casaos metadata.,added missing service-level x-casaos metadata entries for the expected ports/volumes/envs.,fixed
164,warning,service_metadata_volume_gap,StableDiffusionWebUI,Apps/StableDiffusionWebUI/docker-compose.yml,services.<main>.x-casaos.volumes,"[""/data/config"", ""/data/models"", ""/data/outputs""]",[],compose declared service values that were not represented in service-level x-casaos metadata.,added missing service-level x-casaos metadata entries for the expected ports/volumes/envs.,fixed
165,warning,service_metadata_env_gap,StableDiffusionWebUI,Apps/StableDiffusionWebUI/docker-compose.yml,services.<main>.x-casaos.envs,"[""CPU_FALLBACK"", ""NVIDIA_VISIBLE_DEVICES""]",[],compose declared service values that were not represented in service-level x-casaos metadata.,added missing service-level x-casaos metadata entries for the expected ports/volumes/envs.,fixed
166,warning,service_metadata_port_gap,Stremio,Apps/Stremio/docker-compose.yml,services.<main>.x-casaos.ports,"[""11470"", ""8080""]","[""11470"", ""8100""]",compose declared service values that were not represented in service-level x-casaos metadata.,added missing service-level x-casaos metadata entries for the expected ports/volumes/envs.,fixed
167,warning,service_metadata_env_gap,Sure,Apps/Sure/docker-compose.yml,services.<main>.x-casaos.envs,"[""DB_HOST"", ""DB_PORT"", ""OPENAI_ACCESS_TOKEN"", ""POSTGRES_DB"", ""POSTGRES_PASSWORD"", ""POSTGRES_USER"", ""RAILS_ASSUME_SSL"", ""RAILS_FORCE_SSL"", ""REDIS_URL"", ""SECRET_KEY_BASE"", ""SELF_HOSTED""]",[],compose declared service values that were not represented in service-level x-casaos metadata.,added missing service-level x-casaos metadata entries for the expected ports/volumes/envs.,fixed
168,warning,service_metadata_port_gap,SwingMusic,Apps/SwingMusic/docker-compose.yml,services.<main>.x-casaos.ports,"[""1970""]",[],compose declared service values that were not represented in service-level x-casaos metadata.,added missing service-level x-casaos metadata entries for the expected ports/volumes/envs.,fixed
169,warning,service_metadata_volume_gap,SwingMusic,Apps/SwingMusic/docker-compose.yml,services.<main>.x-casaos.volumes,"[""/config"", ""/music""]",[],compose declared service values that were not represented in service-level x-casaos metadata.,added missing service-level x-casaos metadata entries for the expected ports/volumes/envs.,fixed
170,error,appfile_image_tag_mismatch,Syncthing,Apps/Syncthing/appfile.json,container.image,1.29.7,latest,compose main image is linuxserver/syncthing:1.29.7; appfile container.image was latest,set appfile container.image to compose main image linuxserver/syncthing:1.29.7,fixed
171,warning,appfile_update_date_mismatch,Syncthing,Apps/Syncthing/appfile.json,latest_update_date,2025-06-02,2021-12-27,compose x-casaos.updateAt is 2025-06-02; unix UTC timestamp is 1748822400; appfile value was 2021-12-27,set appfile latest_update_date to 1748822400,fixed
172,error,asset_missing,Syncthing,Apps/Syncthing/appfile.json,thumbnail,Apps/Jellyfin/thumbnail.jpg,https://cdn.jsdelivr.net/gh/IceWhaleTech/CasaOS-AppStore@main/Apps/Jellyfin/thumbnail.jpg,asset URL points to missing local path Apps/Jellyfin/thumbnail.jpg,pointed asset URL to existing local file Apps/Syncthing/thumbnail.png,fixed
173,error,appfile_image_tag_mismatch,Tautulli,Apps/Tautulli/appfile.json,container.image,2.13.2,latest,compose main image is linuxserver/tautulli:2.13.2; appfile container.image was latest,set appfile container.image to compose main image linuxserver/tautulli:2.13.2,fixed
174,error,appfile_image_tag_mismatch,Transmission,Apps/Transmission/appfile.json,container.image,4.0.4,version-3.00-r5,compose main image is linuxserver/transmission:4.0.4; appfile container.image was version-3.00-r5,set appfile container.image to compose main image linuxserver/transmission:4.0.4,fixed
175,warning,service_metadata_port_gap,Trilium,Apps/Trilium/docker-compose.yml,services.<main>.x-casaos.ports,"[""8080""]",[],compose declared service values that were not represented in service-level x-casaos metadata.,added missing service-level x-casaos metadata entries for the expected ports/volumes/envs.,fixed
176,warning,service_metadata_volume_gap,Trilium,Apps/Trilium/docker-compose.yml,services.<main>.x-casaos.volumes,"[""/home/node/trilium-data""]",[],compose declared service values that were not represented in service-level x-casaos metadata.,added missing service-level x-casaos metadata entries for the expected ports/volumes/envs.,fixed
177,warning,service_metadata_env_gap,TurboDiffusion_Nvidia,Apps/TurboDiffusion_Nvidia/docker-compose.yml,services.<main>.x-casaos.envs,"[""CUDA_HOME"", ""MODEL_PATHS"", ""NVIDIA_DRIVER_CAPABILITIES"", ""NVIDIA_VISIBLE_DEVICES"", ""PYTHONPATH""]","[""CUDA_HOME"", ""NVIDIA_DRIVER_CAPABILITIES"", ""NVIDIA_VISIBLE_DEVICES"", ""PYTHONPATH""]",compose declared service values that were not represented in service-level x-casaos metadata.,added missing service-level x-casaos metadata entries for the expected ports/volumes/envs.,fixed
178,warning,appfile_update_date_mismatch,Twingate,Apps/Twingate/appfile.json,latest_update_date,2024-01-26,2022-11-03,compose x-casaos.updateAt is 2024-01-26; unix UTC timestamp is 1706227200; appfile value was 2022-11-03,set appfile latest_update_date to 1706227200,fixed
179,error,appfile_image_tag_mismatch,Unifi-controller,Apps/Unifi-controller/appfile.json,container.image,8.0.7,latest,compose main image is linuxserver/unifi-controller:8.0.7; appfile container.image was latest,set appfile container.image to compose main image linuxserver/unifi-controller:8.0.7,fixed
180,warning,service_metadata_port_gap,Unifi-Network-Application,Apps/Unifi-Network-Application/docker-compose.yml,services.<main>.x-casaos.ports,"[""10001"", ""3478"", ""8080"", ""8443""]","[""8443""]",compose declared service values that were not represented in service-level x-casaos metadata.,added missing service-level x-casaos metadata entries for the expected ports/volumes/envs.,fixed
181,warning,service_metadata_volume_gap,Unifi-Network-Application,Apps/Unifi-Network-Application/docker-compose.yml,services.<main>.x-casaos.volumes,"[""/config""]",[],compose declared service values that were not represented in service-level x-casaos metadata.,added missing service-level x-casaos metadata entries for the expected ports/volumes/envs.,fixed
182,warning,service_metadata_env_gap,Unifi-Network-Application,Apps/Unifi-Network-Application/docker-compose.yml,services.<main>.x-casaos.envs,"[""MONGO_DBNAME"", ""MONGO_HOST"", ""MONGO_PASS"", ""MONGO_PORT"", ""MONGO_USER"", ""PGID"", ""PUID"", ""TZ""]","[""PGID"", ""PUID"", ""TZ""]",compose declared service values that were not represented in service-level x-casaos metadata.,added missing service-level x-casaos metadata entries for the expected ports/volumes/envs.,fixed
183,error,appfile_image_tag_mismatch,UptimeKuma,Apps/UptimeKuma/appfile.json,container.image,1.23.16-alpine,1-alpine,compose main image is louislam/uptime-kuma:1.23.16-alpine; appfile container.image was 1-alpine,set appfile container.image to compose main image louislam/uptime-kuma:1.23.16-alpine,fixed
184,warning,appfile_update_date_mismatch,UptimeKuma,Apps/UptimeKuma/appfile.json,latest_update_date,2025-07-08,2022-11-03,compose x-casaos.updateAt is 2025-07-08; unix UTC timestamp is 1751932800; appfile value was 2022-11-03,set appfile latest_update_date to 1751932800,fixed
185,error,appfile_image_tag_mismatch,Vaultwarden,Apps/Vaultwarden/appfile.json,container.image,1.32.7,1.24.0,compose main image is vaultwarden/server:1.32.7; appfile container.image was 1.24.0,set appfile container.image to compose main image vaultwarden/server:1.32.7,fixed
186,warning,appfile_update_date_mismatch,Vaultwarden,Apps/Vaultwarden/appfile.json,latest_update_date,2024-12-20,2022-03-14,compose x-casaos.updateAt is 2024-12-20; unix UTC timestamp is 1734652800; appfile value was 2022-03-14,set appfile latest_update_date to 1734652800,fixed
187,error,appfile_image_tag_mismatch,VoceChat,Apps/VoceChat/appfile.json,container.image,v0.3.33,latest,compose main image is privoce/vocechat-server:v0.3.33; appfile container.image was latest,set appfile container.image to compose main image privoce/vocechat-server:v0.3.33,fixed
188,error,asset_missing,VoceChat,Apps/VoceChat/appfile.json,thumbnail,Apps/VoceChat/thumbnail.jpg,https://cdn.jsdelivr.net/gh/IceWhaleTech/CasaOS-AppStore@main/Apps/VoceChat/thumbnail.jpg,asset URL points to missing local path Apps/VoceChat/thumbnail.jpg,pointed asset URL to existing local file Apps/VoceChat/thumbnail.png,fixed
189,error,asset_missing,VoceChat,Apps/VoceChat/appfile.json,screenshots[0],Apps/VoceChat/screenshot-1.jpg,https://cdn.jsdelivr.net/gh/IceWhaleTech/CasaOS-AppStore@main/Apps/VoceChat/screenshot-1.jpg,asset URL points to missing local path Apps/VoceChat/screenshot-1.jpg,pointed asset URL to existing local file Apps/VoceChat/screenshot-1.png,fixed
190,error,asset_missing,VoceChat,Apps/VoceChat/appfile.json,screenshots[1],Apps/VoceChat/screenshot-2.jpg,https://cdn.jsdelivr.net/gh/IceWhaleTech/CasaOS-AppStore@main/Apps/VoceChat/screenshot-2.jpg,asset URL points to missing local path Apps/VoceChat/screenshot-2.jpg,pointed asset URL to existing local file Apps/VoceChat/screenshot-2.png,fixed
191,error,asset_missing,VoceChat,Apps/VoceChat/appfile.json,screenshots[2],Apps/VoceChat/screenshot-3.jpg,https://cdn.jsdelivr.net/gh/IceWhaleTech/CasaOS-AppStore@main/Apps/VoceChat/screenshot-3.jpg,asset URL points to missing local path Apps/VoceChat/screenshot-3.jpg,pointed asset URL to existing local file Apps/VoceChat/screenshot-3.png,fixed
192,error,asset_missing,VoceChat,Apps/VoceChat/appfile.json,screenshots[3],Apps/VoceChat/screenshot-4.jpg,https://cdn.jsdelivr.net/gh/IceWhaleTech/CasaOS-AppStore@main/Apps/VoceChat/screenshot-4.jpg,asset URL points to missing local path Apps/VoceChat/screenshot-4.jpg,pointed asset URL to existing local file Apps/VoceChat/screenshot-4.png,fixed
193,error,asset_missing,VoceChat,Apps/VoceChat/appfile.json,screenshots[4],Apps/VoceChat/screenshot-5.jpg,https://cdn.jsdelivr.net/gh/IceWhaleTech/CasaOS-AppStore@main/Apps/VoceChat/screenshot-5.jpg,asset URL points to missing local path Apps/VoceChat/screenshot-5.jpg,removed screenshot URL because no matching local asset exists,fixed
194,warning,service_metadata_port_gap,WebDav,Apps/WebDav/docker-compose.yml,services.<main>.x-casaos.ports,"[""80""]",[],compose declared service values that were not represented in service-level x-casaos metadata.,added missing service-level x-casaos metadata entries for the expected ports/volumes/envs.,fixed
195,warning,service_metadata_volume_gap,WebDav,Apps/WebDav/docker-compose.yml,services.<main>.x-casaos.volumes,"[""/media""]",[],compose declared service values that were not represented in service-level x-casaos metadata.,added missing service-level x-casaos metadata entries for the expected ports/volumes/envs.,fixed
196,warning,service_metadata_env_gap,WebDav,Apps/WebDav/docker-compose.yml,services.<main>.x-casaos.envs,"[""GID"", ""PASSWORD"", ""TZ"", ""UDI"", ""USERNAME""]",[],compose declared service values that were not represented in service-level x-casaos metadata.,added missing service-level x-casaos metadata entries for the expected ports/volumes/envs.,fixed
197,warning,service_metadata_env_gap,WireGuardEasy,Apps/WireGuardEasy/docker-compose.yml,services.<main>.x-casaos.envs,"[""PASSWORD"", ""WG_DEFAULT_DNS"", ""WG_HOST"", ""WG_PORT""]",[],compose declared service values that were not represented in service-level x-casaos metadata.,added missing service-level x-casaos metadata entries for the expected ports/volumes/envs.,fixed
198,error,appfile_image_tag_mismatch,Memos,Apps/Memos/appfile.json,container.image,0.25,latest,JSON trailing comma was fixed first; compose main image is neosmemo/memos:0.25 and the now-parseable appfile still used latest.,set appfile container.image to neosmemo/memos:0.25,fixed
